url,type,status,http,title,titleLen,metaDescLen,canonical,h1,words,links,noindex,jsonld,faq,breadcrumb,app,failures
https://calcpromaster.netlify.app/,home,WARNING,WARNING,"CalcProMaster - 543+ free online calculators",44,139,https://calcpromaster.netlify.app/,"",194,true,false,true,true,true,true,"uniqueH1 content"
https://calcpromaster.netlify.app/about,legal,WARNING,WARNING,"About CalcProMaster | CalcProMaster",35,192,https://calcpromaster.netlify.app/about,"About CalcProMaster",410,true,false,true,false,false,false,"uniqueMeta"
https://calcpromaster.netlify.app/privacy,legal,PASS,PASS,"Privacy Policy | CalcProMaster",30,117,https://calcpromaster.netlify.app/privacy,"Privacy Policy",473,true,false,true,false,false,false,""
https://calcpromaster.netlify.app/terms,legal,PASS,PASS,"Terms of Service | CalcProMaster",32,97,https://calcpromaster.netlify.app/terms,"Terms of Service",445,true,false,true,false,false,false,""
https://calcpromaster.netlify.app/contact,legal,PASS,PASS,"Contact CalcProMaster | CalcProMaster",37,105,https://calcpromaster.netlify.app/contact,"Contact CalcProMaster",223,true,false,true,false,false,false,""
https://calcpromaster.netlify.app/disclaimer-general,legal,PASS,PASS,"General Disclaimer | CalcProMaster",34,111,https://calcpromaster.netlify.app/disclaimer-general,"General Disclaimer",305,true,false,true,false,false,false,""
https://calcpromaster.netlify.app/disclaimer-finance,legal,PASS,PASS,"Financial Disclaimer | CalcProMaster",36,108,https://calcpromaster.netlify.app/disclaimer-finance,"Financial Disclaimer",230,true,false,true,false,false,false,""
https://calcpromaster.netlify.app/disclaimer-health,legal,PASS,PASS,"Health Disclaimer | CalcProMaster",33,120,https://calcpromaster.netlify.app/disclaimer-health,"Health & Medical Disclaimer",236,true,false,true,false,false,false,""
https://calcpromaster.netlify.app/auto,category,FAIL,FAIL,"CalcProMaster - 543+ free online calculators",44,139,https://calcpromaster.netlify.app/,"",194,true,false,true,true,true,true,"selfCanonical uniqueH1 content noDuplicateCanonical"
https://calcpromaster.netlify.app/hub/auto,hub,FAIL,FAIL,"CalcProMaster - 543+ free online calculators",44,139,https://calcpromaster.netlify.app/,"",194,true,false,true,true,true,true,"selfCanonical uniqueH1 content noDuplicateCanonical"
https://calcpromaster.netlify.app/auto/fuel-cost,tool,FAIL,FAIL,"CalcProMaster - 543+ free online calculators",44,139,https://calcpromaster.netlify.app/,"",194,true,false,true,true,true,true,"selfCanonical uniqueH1 content noDuplicateCanonical"
https://calcpromaster.netlify.app/auto/mileage-calculator,tool,FAIL,FAIL,"CalcProMaster - 543+ free online calculators",44,139,https://calcpromaster.netlify.app/,"",194,true,false,true,true,true,true,"selfCanonical uniqueH1 content noDuplicateCanonical"
https://calcpromaster.netlify.app/auto/fuel-price-compare,tool,FAIL,FAIL,"CalcProMaster - 543+ free online calculators",44,139,https://calcpromaster.netlify.app/,"",194,true,false,true,true,true,true,"selfCanonical uniqueH1 content noDuplicateCanonical"
https://calcpromaster.netlify.app/auto/car-loan-emi,tool,FAIL,FAIL,"CalcProMaster - 543+ free online calculators",44,139,https://calcpromaster.netlify.app/,"",194,true,false,true,true,true,true,"selfCanonical uniqueH1 content noDuplicateCanonical"
https://calcpromaster.netlify.app/auto/car-affordability,tool,FAIL,FAIL,"CalcProMaster - 543+ free online calculators",44,139,https://calcpromaster.netlify.app/,"",194,true,false,true,true,true,true,"selfCanonical uniqueH1 content noDuplicateCanonical"
https://calcpromaster.netlify.app/auto/lease-vs-buy,tool,FAIL,FAIL,"CalcProMaster - 543+ free online calculators",44,139,https://calcpromaster.netlify.app/,"",194,true,false,true,true,true,true,"selfCanonical uniqueH1 content noDuplicateCanonical"
https://calcpromaster.netlify.app/auto/ev-charging-cost,tool,FAIL,FAIL,"CalcProMaster - 543+ free online calculators",44,139,https://calcpromaster.netlify.app/,"",194,true,false,true,true,true,true,"selfCanonical uniqueH1 content noDuplicateCanonical"
https://calcpromaster.netlify.app/auto/ev-vs-gas-petrol,tool,FAIL,FAIL,"CalcProMaster - 543+ free online calculators",44,139,https://calcpromaster.netlify.app/,"",194,true,false,true,true,true,true,"selfCanonical uniqueH1 content noDuplicateCanonical"
https://calcpromaster.netlify.app/auto/ev-range,tool,FAIL,FAIL,"CalcProMaster - 543+ free online calculators",44,139,https://calcpromaster.netlify.app/,"",194,true,false,true,true,true,true,"selfCanonical uniqueH1 content noDuplicateCanonical"
https://calcpromaster.netlify.app/auto/car-maintenance,tool,FAIL,FAIL,"CalcProMaster - 543+ free online calculators",44,139,https://calcpromaster.netlify.app/,"",194,true,false,true,true,true,true,"selfCanonical uniqueH1 content noDuplicateCanonical"
https://calcpromaster.netlify.app/auto/tire-size,tool,FAIL,FAIL,"CalcProMaster - 543+ free online calculators",44,139,https://calcpromaster.netlify.app/,"",194,true,false,true,true,true,true,"selfCanonical uniqueH1 content noDuplicateCanonical"
https://calcpromaster.netlify.app/auto/oil-change,tool,FAIL,FAIL,"CalcProMaster - 543+ free online calculators",44,139,https://calcpromaster.netlify.app/,"",194,true,false,true,true,true,true,"selfCanonical uniqueH1 content noDuplicateCanonical"
https://calcpromaster.netlify.app/auto/car-insurance,tool,FAIL,FAIL,"CalcProMaster - 543+ free online calculators",44,139,https://calcpromaster.netlify.app/,"",194,true,false,true,true,true,true,"selfCanonical uniqueH1 content noDuplicateCanonical"
https://calcpromaster.netlify.app/auto/commute-cost,tool,FAIL,FAIL,"CalcProMaster - 543+ free online calculators",44,139,https://calcpromaster.netlify.app/,"",194,true,false,true,true,true,true,"selfCanonical uniqueH1 content noDuplicateCanonical"
https://calcpromaster.netlify.app/auto/ride-share-cost,tool,FAIL,FAIL,"CalcProMaster - 543+ free online calculators",44,139,https://calcpromaster.netlify.app/,"",194,true,false,true,true,true,true,"selfCanonical uniqueH1 content noDuplicateCanonical"
https://calcpromaster.netlify.app/auto/public-transport,tool,FAIL,FAIL,"CalcProMaster - 543+ free online calculators",44,139,https://calcpromaster.netlify.app/,"",194,true,false,true,true,true,true,"selfCanonical uniqueH1 content noDuplicateCanonical"
https://calcpromaster.netlify.app/auto/walking-transit,tool,FAIL,FAIL,"CalcProMaster - 543+ free online calculators",44,139,https://calcpromaster.netlify.app/,"",194,true,false,true,true,true,true,"selfCanonical uniqueH1 content noDuplicateCanonical"
https://calcpromaster.netlify.app/auto/trip-time,tool,FAIL,FAIL,"CalcProMaster - 543+ free online calculators",44,139,https://calcpromaster.netlify.app/,"",194,true,false,true,true,true,true,"selfCanonical uniqueH1 content noDuplicateCanonical"
https://calcpromaster.netlify.app/auto/speed-distance-time,tool,FAIL,FAIL,"CalcProMaster - 543+ free online calculators",44,139,https://calcpromaster.netlify.app/,"",194,true,false,true,true,true,true,"selfCanonical uniqueH1 content noDuplicateCanonical"
https://calcpromaster.netlify.app/auto/parking-cost,tool,FAIL,FAIL,"CalcProMaster - 543+ free online calculators",44,139,https://calcpromaster.netlify.app/,"",194,true,false,true,true,true,true,"selfCanonical uniqueH1 content noDuplicateCanonical"
https://calcpromaster.netlify.app/auto/car-depreciation,tool,FAIL,FAIL,"CalcProMaster - 543+ free online calculators",44,139,https://calcpromaster.netlify.app/,"",194,true,false,true,true,true,true,"selfCanonical uniqueH1 content noDuplicateCanonical"
https://calcpromaster.netlify.app/auto/trade-in-value,tool,FAIL,FAIL,"CalcProMaster - 543+ free online calculators",44,139,https://calcpromaster.netlify.app/,"",194,true,false,true,true,true,true,"selfCanonical uniqueH1 content noDuplicateCanonical"
https://calcpromaster.netlify.app/auto/bike-fuel,tool,FAIL,FAIL,"CalcProMaster - 543+ free online calculators",44,139,https://calcpromaster.netlify.app/,"",194,true,false,true,true,true,true,"selfCanonical uniqueH1 content noDuplicateCanonical"
https://calcpromaster.netlify.app/auto/bike-loan,tool,FAIL,FAIL,"CalcProMaster - 543+ free online calculators",44,139,https://calcpromaster.netlify.app/,"",194,true,false,true,true,true,true,"selfCanonical uniqueH1 content noDuplicateCanonical"
https://calcpromaster.netlify.app/auto/stopping-distance,tool,FAIL,FAIL,"CalcProMaster - 543+ free online calculators",44,139,https://calcpromaster.netlify.app/,"",194,true,false,true,true,true,true,"selfCanonical uniqueH1 content noDuplicateCanonical"
https://calcpromaster.netlify.app/auto/fuel-efficiency,tool,FAIL,FAIL,"CalcProMaster - 543+ free online calculators",44,139,https://calcpromaster.netlify.app/,"",194,true,false,true,true,true,true,"selfCanonical uniqueH1 content noDuplicateCanonical"
https://calcpromaster.netlify.app/auto/car-rental,tool,FAIL,FAIL,"CalcProMaster - 543+ free online calculators",44,139,https://calcpromaster.netlify.app/,"",194,true,false,true,true,true,true,"selfCanonical uniqueH1 content noDuplicateCanonical"
https://calcpromaster.netlify.app/auto/taxi-fare,tool,FAIL,FAIL,"CalcProMaster - 543+ free online calculators",44,139,https://calcpromaster.netlify.app/,"",194,true,false,true,true,true,true,"selfCanonical uniqueH1 content noDuplicateCanonical"
https://calcpromaster.netlify.app/auto/auto-fare,tool,FAIL,FAIL,"CalcProMaster - 543+ free online calculators",44,139,https://calcpromaster.netlify.app/,"",194,true,false,true,true,true,true,"selfCanonical uniqueH1 content noDuplicateCanonical"
https://calcpromaster.netlify.app/auto/delivery-cost,tool,FAIL,FAIL,"CalcProMaster - 543+ free online calculators",44,139,https://calcpromaster.netlify.app/,"",194,true,false,true,true,true,true,"selfCanonical uniqueH1 content noDuplicateCanonical"
https://calcpromaster.netlify.app/auto/route-optimizer,tool,FAIL,FAIL,"CalcProMaster - 543+ free online calculators",44,139,https://calcpromaster.netlify.app/,"",194,true,false,true,true,true,true,"selfCanonical uniqueH1 content noDuplicateCanonical"
https://calcpromaster.netlify.app/auto/carbon-footprint-car,tool,FAIL,FAIL,"CalcProMaster - 543+ free online calculators",44,139,https://calcpromaster.netlify.app/,"",194,true,false,true,true,true,true,"selfCanonical uniqueH1 content noDuplicateCanonical"
https://calcpromaster.netlify.app/business,category,FAIL,FAIL,"CalcProMaster - 543+ free online calculators",44,139,https://calcpromaster.netlify.app/,"",194,true,false,true,true,true,true,"selfCanonical uniqueH1 content noDuplicateCanonical"
https://calcpromaster.netlify.app/hub/business,hub,FAIL,FAIL,"CalcProMaster - 543+ free online calculators",44,139,https://calcpromaster.netlify.app/,"",194,true,false,true,true,true,true,"selfCanonical uniqueH1 content noDuplicateCanonical"
https://calcpromaster.netlify.app/business/business-roi,tool,FAIL,FAIL,"CalcProMaster - 543+ free online calculators",44,139,https://calcpromaster.netlify.app/,"",194,true,false,true,true,true,true,"selfCanonical uniqueH1 content noDuplicateCanonical"
https://calcpromaster.netlify.app/business/profit-margin,tool,FAIL,FAIL,"CalcProMaster - 543+ free online calculators",44,139,https://calcpromaster.netlify.app/,"",194,true,false,true,true,true,true,"selfCanonical uniqueH1 content noDuplicateCanonical"
https://calcpromaster.netlify.app/business/ltv,tool,FAIL,FAIL,"CalcProMaster - 543+ free online calculators",44,139,https://calcpromaster.netlify.app/,"",194,true,false,true,true,true,true,"selfCanonical uniqueH1 content noDuplicateCanonical"
https://calcpromaster.netlify.app/business/cac,tool,FAIL,FAIL,"CalcProMaster - 543+ free online calculators",44,139,https://calcpromaster.netlify.app/,"",194,true,false,true,true,true,true,"selfCanonical uniqueH1 content noDuplicateCanonical"
https://calcpromaster.netlify.app/business/conversion-rate,tool,FAIL,FAIL,"CalcProMaster - 543+ free online calculators",44,139,https://calcpromaster.netlify.app/,"",194,true,false,true,true,true,true,"selfCanonical uniqueH1 content noDuplicateCanonical"
https://calcpromaster.netlify.app/business/churn,tool,FAIL,FAIL,"CalcProMaster - 543+ free online calculators",44,139,https://calcpromaster.netlify.app/,"",194,true,false,true,true,true,true,"selfCanonical uniqueH1 content noDuplicateCanonical"
https://calcpromaster.netlify.app/business/roas,tool,FAIL,FAIL,"CalcProMaster - 543+ free online calculators",44,139,https://calcpromaster.netlify.app/,"",194,true,false,true,true,true,true,"selfCanonical uniqueH1 content noDuplicateCanonical"
https://calcpromaster.netlify.app/business/burn-rate,tool,FAIL,FAIL,"CalcProMaster - 543+ free online calculators",44,139,https://calcpromaster.netlify.app/,"",194,true,false,true,true,true,true,"selfCanonical uniqueH1 content noDuplicateCanonical"
https://calcpromaster.netlify.app/business/mrr,tool,FAIL,FAIL,"CalcProMaster - 543+ free online calculators",44,139,https://calcpromaster.netlify.app/,"",194,true,false,true,true,true,true,"selfCanonical uniqueH1 content noDuplicateCanonical"
https://calcpromaster.netlify.app/business/nps,tool,FAIL,FAIL,"CalcProMaster - 543+ free online calculators",44,139,https://calcpromaster.netlify.app/,"",194,true,false,true,true,true,true,"selfCanonical uniqueH1 content noDuplicateCanonical"
https://calcpromaster.netlify.app/business/freelance-rate,tool,FAIL,FAIL,"CalcProMaster - 543+ free online calculators",44,139,https://calcpromaster.netlify.app/,"",194,true,false,true,true,true,true,"selfCanonical uniqueH1 content noDuplicateCanonical"
https://calcpromaster.netlify.app/business/pricing,tool,FAIL,FAIL,"CalcProMaster - 543+ free online calculators",44,139,https://calcpromaster.netlify.app/,"",194,true,false,true,true,true,true,"selfCanonical uniqueH1 content noDuplicateCanonical"
https://calcpromaster.netlify.app/business/inventory,tool,FAIL,FAIL,"CalcProMaster - 543+ free online calculators",44,139,https://calcpromaster.netlify.app/,"",194,true,false,true,true,true,true,"selfCanonical uniqueH1 content noDuplicateCanonical"
https://calcpromaster.netlify.app/business/break-even-revenue,tool,FAIL,FAIL,"CalcProMaster - 543+ free online calculators",44,139,https://calcpromaster.netlify.app/,"",194,true,false,true,true,true,true,"selfCanonical uniqueH1 content noDuplicateCanonical"
https://calcpromaster.netlify.app/business/payback,tool,FAIL,FAIL,"CalcProMaster - 543+ free online calculators",44,139,https://calcpromaster.netlify.app/,"",194,true,false,true,true,true,true,"selfCanonical uniqueH1 content noDuplicateCanonical"
https://calcpromaster.netlify.app/business/depreciation,tool,FAIL,FAIL,"CalcProMaster - 543+ free online calculators",44,139,https://calcpromaster.netlify.app/,"",194,true,false,true,true,true,true,"selfCanonical uniqueH1 content noDuplicateCanonical"
https://calcpromaster.netlify.app/business/discount-rate,tool,FAIL,FAIL,"CalcProMaster - 543+ free online calculators",44,139,https://calcpromaster.netlify.app/,"",194,true,false,true,true,true,true,"selfCanonical uniqueH1 content noDuplicateCanonical"
https://calcpromaster.netlify.app/business/saas-unit-metrics,tool,FAIL,FAIL,"CalcProMaster - 543+ free online calculators",44,139,https://calcpromaster.netlify.app/,"",194,true,false,true,true,true,true,"selfCanonical uniqueH1 content noDuplicateCanonical"
https://calcpromaster.netlify.app/business/break-even-point,tool,FAIL,FAIL,"CalcProMaster - 543+ free online calculators",44,139,https://calcpromaster.netlify.app/,"",194,true,false,true,true,true,true,"selfCanonical uniqueH1 content noDuplicateCanonical"
https://calcpromaster.netlify.app/business/invoice-due-date,tool,FAIL,FAIL,"CalcProMaster - 543+ free online calculators",44,139,https://calcpromaster.netlify.app/,"",194,true,false,true,true,true,true,"selfCanonical uniqueH1 content noDuplicateCanonical"
https://calcpromaster.netlify.app/business/employee-cost,tool,FAIL,FAIL,"CalcProMaster - 543+ free online calculators",44,139,https://calcpromaster.netlify.app/,"",194,true,false,true,true,true,true,"selfCanonical uniqueH1 content noDuplicateCanonical"
https://calcpromaster.netlify.app/career,category,FAIL,FAIL,"CalcProMaster - 543+ free online calculators",44,139,https://calcpromaster.netlify.app/,"",194,true,false,true,true,true,true,"selfCanonical uniqueH1 content noDuplicateCanonical"
https://calcpromaster.netlify.app/hub/career,hub,FAIL,FAIL,"CalcProMaster - 543+ free online calculators",44,139,https://calcpromaster.netlify.app/,"",194,true,false,true,true,true,true,"selfCanonical uniqueH1 content noDuplicateCanonical"
https://calcpromaster.netlify.app/career/salary-converter,tool,FAIL,FAIL,"CalcProMaster - 543+ free online calculators",44,139,https://calcpromaster.netlify.app/,"",194,true,false,true,true,true,true,"selfCanonical uniqueH1 content noDuplicateCanonical"
https://calcpromaster.netlify.app/career/salary-negotiation,tool,FAIL,FAIL,"CalcProMaster - 543+ free online calculators",44,139,https://calcpromaster.netlify.app/,"",194,true,false,true,true,true,true,"selfCanonical uniqueH1 content noDuplicateCanonical"
https://calcpromaster.netlify.app/career/raise-calculator,tool,FAIL,FAIL,"CalcProMaster - 543+ free online calculators",44,139,https://calcpromaster.netlify.app/,"",194,true,false,true,true,true,true,"selfCanonical uniqueH1 content noDuplicateCanonical"
https://calcpromaster.netlify.app/career/tax-bracket,tool,FAIL,FAIL,"CalcProMaster - 543+ free online calculators",44,139,https://calcpromaster.netlify.app/,"",194,true,false,true,true,true,true,"selfCanonical uniqueH1 content noDuplicateCanonical"
https://calcpromaster.netlify.app/career/freelance-hourly-rate,tool,FAIL,FAIL,"CalcProMaster - 543+ free online calculators",44,139,https://calcpromaster.netlify.app/,"",194,true,false,true,true,true,true,"selfCanonical uniqueH1 content noDuplicateCanonical"
https://calcpromaster.netlify.app/career/freelance-project,tool,FAIL,FAIL,"CalcProMaster - 543+ free online calculators",44,139,https://calcpromaster.netlify.app/,"",194,true,false,true,true,true,true,"selfCanonical uniqueH1 content noDuplicateCanonical"
https://calcpromaster.netlify.app/career/contractor-rate,tool,FAIL,FAIL,"CalcProMaster - 543+ free online calculators",44,139,https://calcpromaster.netlify.app/,"",194,true,false,true,true,true,true,"selfCanonical uniqueH1 content noDuplicateCanonical"
https://calcpromaster.netlify.app/career/overtime-pay,tool,FAIL,FAIL,"CalcProMaster - 543+ free online calculators",44,139,https://calcpromaster.netlify.app/,"",194,true,false,true,true,true,true,"selfCanonical uniqueH1 content noDuplicateCanonical"
https://calcpromaster.netlify.app/career/bonus-calc,tool,FAIL,FAIL,"CalcProMaster - 543+ free online calculators",44,139,https://calcpromaster.netlify.app/,"",194,true,false,true,true,true,true,"selfCanonical uniqueH1 content noDuplicateCanonical"
https://calcpromaster.netlify.app/career/pay-gap,tool,FAIL,FAIL,"CalcProMaster - 543+ free online calculators",44,139,https://calcpromaster.netlify.app/,"",194,true,false,true,true,true,true,"selfCanonical uniqueH1 content noDuplicateCanonical"
https://calcpromaster.netlify.app/career/401k-match,tool,FAIL,FAIL,"CalcProMaster - 543+ free online calculators",44,139,https://calcpromaster.netlify.app/,"",194,true,false,true,true,true,true,"selfCanonical uniqueH1 content noDuplicateCanonical"
https://calcpromaster.netlify.app/career/stock-options,tool,FAIL,FAIL,"CalcProMaster - 543+ free online calculators",44,139,https://calcpromaster.netlify.app/,"",194,true,false,true,true,true,true,"selfCanonical uniqueH1 content noDuplicateCanonical"
https://calcpromaster.netlify.app/career/side-hustle,tool,FAIL,FAIL,"CalcProMaster - 543+ free online calculators",44,139,https://calcpromaster.netlify.app/,"",194,true,false,true,true,true,true,"selfCanonical uniqueH1 content noDuplicateCanonical"
https://calcpromaster.netlify.app/career/crypto-tax,tool,FAIL,FAIL,"CalcProMaster - 543+ free online calculators",44,139,https://calcpromaster.netlify.app/,"",194,true,false,true,true,true,true,"selfCanonical uniqueH1 content noDuplicateCanonical"
https://calcpromaster.netlify.app/career/career-gap,tool,FAIL,FAIL,"CalcProMaster - 543+ free online calculators",44,139,https://calcpromaster.netlify.app/,"",194,true,false,true,true,true,true,"selfCanonical uniqueH1 content noDuplicateCanonical"
https://calcpromaster.netlify.app/career/remortgage-calc,tool,FAIL,FAIL,"CalcProMaster - 543+ free online calculators",44,139,https://calcpromaster.netlify.app/,"",194,true,false,true,true,true,true,"selfCanonical uniqueH1 content noDuplicateCanonical"
https://calcpromaster.netlify.app/career/mortgage-afford,tool,FAIL,FAIL,"CalcProMaster - 543+ free online calculators",44,139,https://calcpromaster.netlify.app/,"",194,true,false,true,true,true,true,"selfCanonical uniqueH1 content noDuplicateCanonical"
https://calcpromaster.netlify.app/career/tax-refund,tool,FAIL,FAIL,"CalcProMaster - 543+ free online calculators",44,139,https://calcpromaster.netlify.app/,"",194,true,false,true,true,true,true,"selfCanonical uniqueH1 content noDuplicateCanonical"
https://calcpromaster.netlify.app/career/invoicing-calc,tool,FAIL,FAIL,"CalcProMaster - 543+ free online calculators",44,139,https://calcpromaster.netlify.app/,"",194,true,false,true,true,true,true,"selfCanonical uniqueH1 content noDuplicateCanonical"
https://calcpromaster.netlify.app/career/employment-status,tool,FAIL,FAIL,"CalcProMaster - 543+ free online calculators",44,139,https://calcpromaster.netlify.app/,"",194,true,false,true,true,true,true,"selfCanonical uniqueH1 content noDuplicateCanonical"
https://calcpromaster.netlify.app/career/commission-plan,tool,FAIL,FAIL,"CalcProMaster - 543+ free online calculators",44,139,https://calcpromaster.netlify.app/,"",194,true,false,true,true,true,true,"selfCanonical uniqueH1 content noDuplicateCanonical"
https://calcpromaster.netlify.app/career/freelance-budget,tool,FAIL,FAIL,"CalcProMaster - 543+ free online calculators",44,139,https://calcpromaster.netlify.app/,"",194,true,false,true,true,true,true,"selfCanonical uniqueH1 content noDuplicateCanonical"
https://calcpromaster.netlify.app/career/redundancy-pay,tool,FAIL,FAIL,"CalcProMaster - 543+ free online calculators",44,139,https://calcpromaster.netlify.app/,"",194,true,false,true,true,true,true,"selfCanonical uniqueH1 content noDuplicateCanonical"
https://calcpromaster.netlify.app/construction,category,FAIL,FAIL,"CalcProMaster - 543+ free online calculators",44,139,https://calcpromaster.netlify.app/,"",194,true,false,true,true,true,true,"selfCanonical uniqueH1 content noDuplicateCanonical"
https://calcpromaster.netlify.app/hub/construction,hub,FAIL,FAIL,"CalcProMaster - 543+ free online calculators",44,139,https://calcpromaster.netlify.app/,"",194,true,false,true,true,true,true,"selfCanonical uniqueH1 content noDuplicateCanonical"
https://calcpromaster.netlify.app/construction/concrete-slab,tool,FAIL,FAIL,"CalcProMaster - 543+ free online calculators",44,139,https://calcpromaster.netlify.app/,"",194,true,false,true,true,true,true,"selfCanonical uniqueH1 content noDuplicateCanonical"
https://calcpromaster.netlify.app/construction/wall-area,tool,FAIL,FAIL,"CalcProMaster - 543+ free online calculators",44,139,https://calcpromaster.netlify.app/,"",194,true,false,true,true,true,true,"selfCanonical uniqueH1 content noDuplicateCanonical"
https://calcpromaster.netlify.app/construction/roofing,tool,FAIL,FAIL,"CalcProMaster - 543+ free online calculators",44,139,https://calcpromaster.netlify.app/,"",194,true,false,true,true,true,true,"selfCanonical uniqueH1 content noDuplicateCanonical"
https://calcpromaster.netlify.app/construction/drywall,tool,FAIL,FAIL,"CalcProMaster - 543+ free online calculators",44,139,https://calcpromaster.netlify.app/,"",194,true,false,true,true,true,true,"selfCanonical uniqueH1 content noDuplicateCanonical"
https://calcpromaster.netlify.app/construction/flooring,tool,FAIL,FAIL,"CalcProMaster - 543+ free online calculators",44,139,https://calcpromaster.netlify.app/,"",194,true,false,true,true,true,true,"selfCanonical uniqueH1 content noDuplicateCanonical"
https://calcpromaster.netlify.app/construction/gravel,tool,FAIL,FAIL,"CalcProMaster - 543+ free online calculators",44,139,https://calcpromaster.netlify.app/,"",194,true,false,true,true,true,true,"selfCanonical uniqueH1 content noDuplicateCanonical"
https://calcpromaster.netlify.app/construction/insulation,tool,FAIL,FAIL,"CalcProMaster - 543+ free online calculators",44,139,https://calcpromaster.netlify.app/,"",194,true,false,true,true,true,true,"selfCanonical uniqueH1 content noDuplicateCanonical"
https://calcpromaster.netlify.app/construction/stairs,tool,FAIL,FAIL,"CalcProMaster - 543+ free online calculators",44,139,https://calcpromaster.netlify.app/,"",194,true,false,true,true,true,true,"selfCanonical uniqueH1 content noDuplicateCanonical"
https://calcpromaster.netlify.app/construction/wallpaper,tool,FAIL,FAIL,"CalcProMaster - 543+ free online calculators",44,139,https://calcpromaster.netlify.app/,"",194,true,false,true,true,true,true,"selfCanonical uniqueH1 content noDuplicateCanonical"
https://calcpromaster.netlify.app/construction/carpet,tool,FAIL,FAIL,"CalcProMaster - 543+ free online calculators",44,139,https://calcpromaster.netlify.app/,"",194,true,false,true,true,true,true,"selfCanonical uniqueH1 content noDuplicateCanonical"
https://calcpromaster.netlify.app/construction/mulch,tool,FAIL,FAIL,"CalcProMaster - 543+ free online calculators",44,139,https://calcpromaster.netlify.app/,"",194,true,false,true,true,true,true,"selfCanonical uniqueH1 content noDuplicateCanonical"
https://calcpromaster.netlify.app/construction/soil,tool,FAIL,FAIL,"CalcProMaster - 543+ free online calculators",44,139,https://calcpromaster.netlify.app/,"",194,true,false,true,true,true,true,"selfCanonical uniqueH1 content noDuplicateCanonical"
https://calcpromaster.netlify.app/construction/bricks,tool,FAIL,FAIL,"CalcProMaster - 543+ free online calculators",44,139,https://calcpromaster.netlify.app/,"",194,true,false,true,true,true,true,"selfCanonical uniqueH1 content noDuplicateCanonical"
https://calcpromaster.netlify.app/construction/fence,tool,FAIL,FAIL,"CalcProMaster - 543+ free online calculators",44,139,https://calcpromaster.netlify.app/,"",194,true,false,true,true,true,true,"selfCanonical uniqueH1 content noDuplicateCanonical"
https://calcpromaster.netlify.app/construction/excavation,tool,FAIL,FAIL,"CalcProMaster - 543+ free online calculators",44,139,https://calcpromaster.netlify.app/,"",194,true,false,true,true,true,true,"selfCanonical uniqueH1 content noDuplicateCanonical"
https://calcpromaster.netlify.app/construction/tile-calculator,tool,FAIL,FAIL,"CalcProMaster - 543+ free online calculators",44,139,https://calcpromaster.netlify.app/,"",194,true,false,true,true,true,true,"selfCanonical uniqueH1 content noDuplicateCanonical"
https://calcpromaster.netlify.app/construction/paint-quantity,tool,FAIL,FAIL,"CalcProMaster - 543+ free online calculators",44,139,https://calcpromaster.netlify.app/,"",194,true,false,true,true,true,true,"selfCanonical uniqueH1 content noDuplicateCanonical"
https://calcpromaster.netlify.app/construction/rebar-calculator,tool,FAIL,FAIL,"CalcProMaster - 543+ free online calculators",44,139,https://calcpromaster.netlify.app/,"",194,true,false,true,true,true,true,"selfCanonical uniqueH1 content noDuplicateCanonical"
https://calcpromaster.netlify.app/construction/formwork,tool,FAIL,FAIL,"CalcProMaster - 543+ free online calculators",44,139,https://calcpromaster.netlify.app/,"",194,true,false,true,true,true,true,"selfCanonical uniqueH1 content noDuplicateCanonical"
https://calcpromaster.netlify.app/construction/concrete-column,tool,FAIL,FAIL,"CalcProMaster - 543+ free online calculators",44,139,https://calcpromaster.netlify.app/,"",194,true,false,true,true,true,true,"selfCanonical uniqueH1 content noDuplicateCanonical"
https://calcpromaster.netlify.app/construction/lumber-calculator,tool,FAIL,FAIL,"CalcProMaster - 543+ free online calculators",44,139,https://calcpromaster.netlify.app/,"",194,true,false,true,true,true,true,"selfCanonical uniqueH1 content noDuplicateCanonical"
https://calcpromaster.netlify.app/construction/paver-calculator,tool,FAIL,FAIL,"CalcProMaster - 543+ free online calculators",44,139,https://calcpromaster.netlify.app/,"",194,true,false,true,true,true,true,"selfCanonical uniqueH1 content noDuplicateCanonical"
https://calcpromaster.netlify.app/construction/water-tank,tool,FAIL,FAIL,"CalcProMaster - 543+ free online calculators",44,139,https://calcpromaster.netlify.app/,"",194,true,false,true,true,true,true,"selfCanonical uniqueH1 content noDuplicateCanonical"
https://calcpromaster.netlify.app/construction/roof-pitch,tool,FAIL,FAIL,"CalcProMaster - 543+ free online calculators",44,139,https://calcpromaster.netlify.app/,"",194,true,false,true,true,true,true,"selfCanonical uniqueH1 content noDuplicateCanonical"
https://calcpromaster.netlify.app/construction/deck-calculator,tool,FAIL,FAIL,"CalcProMaster - 543+ free online calculators",44,139,https://calcpromaster.netlify.app/,"",194,true,false,true,true,true,true,"selfCanonical uniqueH1 content noDuplicateCanonical"
https://calcpromaster.netlify.app/conversion,category,FAIL,FAIL,"CalcProMaster - 543+ free online calculators",44,139,https://calcpromaster.netlify.app/,"",194,true,false,true,true,true,true,"selfCanonical uniqueH1 content noDuplicateCanonical"
https://calcpromaster.netlify.app/hub/conversion,hub,FAIL,FAIL,"CalcProMaster - 543+ free online calculators",44,139,https://calcpromaster.netlify.app/,"",194,true,false,true,true,true,true,"selfCanonical uniqueH1 content noDuplicateCanonical"
https://calcpromaster.netlify.app/conversion/length,tool,FAIL,FAIL,"CalcProMaster - 543+ free online calculators",44,139,https://calcpromaster.netlify.app/,"",194,true,false,true,true,true,true,"selfCanonical uniqueH1 content noDuplicateCanonical"
https://calcpromaster.netlify.app/conversion/weight,tool,FAIL,FAIL,"CalcProMaster - 543+ free online calculators",44,139,https://calcpromaster.netlify.app/,"",194,true,false,true,true,true,true,"selfCanonical uniqueH1 content noDuplicateCanonical"
https://calcpromaster.netlify.app/conversion/volume,tool,FAIL,FAIL,"CalcProMaster - 543+ free online calculators",44,139,https://calcpromaster.netlify.app/,"",194,true,false,true,true,true,true,"selfCanonical uniqueH1 content noDuplicateCanonical"
https://calcpromaster.netlify.app/conversion/area,tool,FAIL,FAIL,"CalcProMaster - 543+ free online calculators",44,139,https://calcpromaster.netlify.app/,"",194,true,false,true,true,true,true,"selfCanonical uniqueH1 content noDuplicateCanonical"
https://calcpromaster.netlify.app/conversion/speed,tool,FAIL,FAIL,"CalcProMaster - 543+ free online calculators",44,139,https://calcpromaster.netlify.app/,"",194,true,false,true,true,true,true,"selfCanonical uniqueH1 content noDuplicateCanonical"
https://calcpromaster.netlify.app/conversion/data-storage,tool,FAIL,FAIL,"CalcProMaster - 543+ free online calculators",44,139,https://calcpromaster.netlify.app/,"",194,true,false,true,true,true,true,"selfCanonical uniqueH1 content noDuplicateCanonical"
https://calcpromaster.netlify.app/conversion/angle,tool,FAIL,FAIL,"CalcProMaster - 543+ free online calculators",44,139,https://calcpromaster.netlify.app/,"",194,true,false,true,true,true,true,"selfCanonical uniqueH1 content noDuplicateCanonical"
https://calcpromaster.netlify.app/conversion/energy,tool,FAIL,FAIL,"CalcProMaster - 543+ free online calculators",44,139,https://calcpromaster.netlify.app/,"",194,true,false,true,true,true,true,"selfCanonical uniqueH1 content noDuplicateCanonical"
https://calcpromaster.netlify.app/conversion/pressure-conv,tool,FAIL,FAIL,"CalcProMaster - 543+ free online calculators",44,139,https://calcpromaster.netlify.app/,"",194,true,false,true,true,true,true,"selfCanonical uniqueH1 content noDuplicateCanonical"
https://calcpromaster.netlify.app/conversion/frequency-conv,tool,FAIL,FAIL,"CalcProMaster - 543+ free online calculators",44,139,https://calcpromaster.netlify.app/,"",194,true,false,true,true,true,true,"selfCanonical uniqueH1 content noDuplicateCanonical"
https://calcpromaster.netlify.app/conversion/temperature,tool,FAIL,FAIL,"CalcProMaster - 543+ free online calculators",44,139,https://calcpromaster.netlify.app/,"",194,true,false,true,true,true,true,"selfCanonical uniqueH1 content noDuplicateCanonical"
https://calcpromaster.netlify.app/conversion/time-conv,tool,FAIL,FAIL,"CalcProMaster - 543+ free online calculators",44,139,https://calcpromaster.netlify.app/,"",194,true,false,true,true,true,true,"selfCanonical uniqueH1 content noDuplicateCanonical"
https://calcpromaster.netlify.app/conversion/force-conv,tool,FAIL,FAIL,"CalcProMaster - 543+ free online calculators",44,139,https://calcpromaster.netlify.app/,"",194,true,false,true,true,true,true,"selfCanonical uniqueH1 content noDuplicateCanonical"
https://calcpromaster.netlify.app/conversion/fuel-efficiency-converter,tool,FAIL,FAIL,"CalcProMaster - 543+ free online calculators",44,139,https://calcpromaster.netlify.app/,"",194,true,false,true,true,true,true,"selfCanonical uniqueH1 content noDuplicateCanonical"
https://calcpromaster.netlify.app/conversion/cooking-conv,tool,FAIL,FAIL,"CalcProMaster - 543+ free online calculators",44,139,https://calcpromaster.netlify.app/,"",194,true,false,true,true,true,true,"selfCanonical uniqueH1 content noDuplicateCanonical"
https://calcpromaster.netlify.app/conversion/clothing-size,tool,FAIL,FAIL,"CalcProMaster - 543+ free online calculators",44,139,https://calcpromaster.netlify.app/,"",194,true,false,true,true,true,true,"selfCanonical uniqueH1 content noDuplicateCanonical"
https://calcpromaster.netlify.app/conversion/shoe-size,tool,FAIL,FAIL,"CalcProMaster - 543+ free online calculators",44,139,https://calcpromaster.netlify.app/,"",194,true,false,true,true,true,true,"selfCanonical uniqueH1 content noDuplicateCanonical"
https://calcpromaster.netlify.app/conversion/currency-conv,tool,FAIL,FAIL,"CalcProMaster - 543+ free online calculators",44,139,https://calcpromaster.netlify.app/,"",194,true,false,true,true,true,true,"selfCanonical uniqueH1 content noDuplicateCanonical"
https://calcpromaster.netlify.app/conversion/torque-conv,tool,FAIL,FAIL,"CalcProMaster - 543+ free online calculators",44,139,https://calcpromaster.netlify.app/,"",194,true,false,true,true,true,true,"selfCanonical uniqueH1 content noDuplicateCanonical"
https://calcpromaster.netlify.app/conversion/power-conv,tool,FAIL,FAIL,"CalcProMaster - 543+ free online calculators",44,139,https://calcpromaster.netlify.app/,"",194,true,false,true,true,true,true,"selfCanonical uniqueH1 content noDuplicateCanonical"
https://calcpromaster.netlify.app/conversion/voltage-conv,tool,FAIL,FAIL,"CalcProMaster - 543+ free online calculators",44,139,https://calcpromaster.netlify.app/,"",194,true,false,true,true,true,true,"selfCanonical uniqueH1 content noDuplicateCanonical"
https://calcpromaster.netlify.app/conversion/radiation-conv,tool,FAIL,FAIL,"CalcProMaster - 543+ free online calculators",44,139,https://calcpromaster.netlify.app/,"",194,true,false,true,true,true,true,"selfCanonical uniqueH1 content noDuplicateCanonical"
https://calcpromaster.netlify.app/conversion/density-conv,tool,FAIL,FAIL,"CalcProMaster - 543+ free online calculators",44,139,https://calcpromaster.netlify.app/,"",194,true,false,true,true,true,true,"selfCanonical uniqueH1 content noDuplicateCanonical"
https://calcpromaster.netlify.app/conversion/viscosity-conv,tool,FAIL,FAIL,"CalcProMaster - 543+ free online calculators",44,139,https://calcpromaster.netlify.app/,"",194,true,false,true,true,true,true,"selfCanonical uniqueH1 content noDuplicateCanonical"
https://calcpromaster.netlify.app/education,category,FAIL,FAIL,"CalcProMaster - 543+ free online calculators",44,139,https://calcpromaster.netlify.app/,"",194,true,false,true,true,true,true,"selfCanonical uniqueH1 content noDuplicateCanonical"
https://calcpromaster.netlify.app/hub/education,hub,FAIL,FAIL,"CalcProMaster - 543+ free online calculators",44,139,https://calcpromaster.netlify.app/,"",194,true,false,true,true,true,true,"selfCanonical uniqueH1 content noDuplicateCanonical"
https://calcpromaster.netlify.app/education/gpa,tool,FAIL,FAIL,"CalcProMaster - 543+ free online calculators",44,139,https://calcpromaster.netlify.app/,"",194,true,false,true,true,true,true,"selfCanonical uniqueH1 content noDuplicateCanonical"
https://calcpromaster.netlify.app/education/cgpa,tool,FAIL,FAIL,"CalcProMaster - 543+ free online calculators",44,139,https://calcpromaster.netlify.app/,"",194,true,false,true,true,true,true,"selfCanonical uniqueH1 content noDuplicateCanonical"
https://calcpromaster.netlify.app/education/grade,tool,FAIL,FAIL,"CalcProMaster - 543+ free online calculators",44,139,https://calcpromaster.netlify.app/,"",194,true,false,true,true,true,true,"selfCanonical uniqueH1 content noDuplicateCanonical"
https://calcpromaster.netlify.app/education/study-time,tool,FAIL,FAIL,"CalcProMaster - 543+ free online calculators",44,139,https://calcpromaster.netlify.app/,"",194,true,false,true,true,true,true,"selfCanonical uniqueH1 content noDuplicateCanonical"
https://calcpromaster.netlify.app/education/reading-speed,tool,FAIL,FAIL,"CalcProMaster - 543+ free online calculators",44,139,https://calcpromaster.netlify.app/,"",194,true,false,true,true,true,true,"selfCanonical uniqueH1 content noDuplicateCanonical"
https://calcpromaster.netlify.app/education/test-score,tool,FAIL,FAIL,"CalcProMaster - 543+ free online calculators",44,139,https://calcpromaster.netlify.app/,"",194,true,false,true,true,true,true,"selfCanonical uniqueH1 content noDuplicateCanonical"
https://calcpromaster.netlify.app/education/exam-countdown,tool,FAIL,FAIL,"CalcProMaster - 543+ free online calculators",44,139,https://calcpromaster.netlify.app/,"",194,true,false,true,true,true,true,"selfCanonical uniqueH1 content noDuplicateCanonical"
https://calcpromaster.netlify.app/education/words-pages,tool,FAIL,FAIL,"CalcProMaster - 543+ free online calculators",44,139,https://calcpromaster.netlify.app/,"",194,true,false,true,true,true,true,"selfCanonical uniqueH1 content noDuplicateCanonical"
https://calcpromaster.netlify.app/education/citation,tool,FAIL,FAIL,"CalcProMaster - 543+ free online calculators",44,139,https://calcpromaster.netlify.app/,"",194,true,false,true,true,true,true,"selfCanonical uniqueH1 content noDuplicateCanonical"
https://calcpromaster.netlify.app/education/quiz-score,tool,FAIL,FAIL,"CalcProMaster - 543+ free online calculators",44,139,https://calcpromaster.netlify.app/,"",194,true,false,true,true,true,true,"selfCanonical uniqueH1 content noDuplicateCanonical"
https://calcpromaster.netlify.app/education/semester-gpa,tool,FAIL,FAIL,"CalcProMaster - 543+ free online calculators",44,139,https://calcpromaster.netlify.app/,"",194,true,false,true,true,true,true,"selfCanonical uniqueH1 content noDuplicateCanonical"
https://calcpromaster.netlify.app/education/college-cost-planner,tool,FAIL,FAIL,"CalcProMaster - 543+ free online calculators",44,139,https://calcpromaster.netlify.app/,"",194,true,false,true,true,true,true,"selfCanonical uniqueH1 content noDuplicateCanonical"
https://calcpromaster.netlify.app/education/scholarship-calc,tool,FAIL,FAIL,"CalcProMaster - 543+ free online calculators",44,139,https://calcpromaster.netlify.app/,"",194,true,false,true,true,true,true,"selfCanonical uniqueH1 content noDuplicateCanonical"
https://calcpromaster.netlify.app/education/study-break,tool,FAIL,FAIL,"CalcProMaster - 543+ free online calculators",44,139,https://calcpromaster.netlify.app/,"",194,true,false,true,true,true,true,"selfCanonical uniqueH1 content noDuplicateCanonical"
https://calcpromaster.netlify.app/education/grade-needed,tool,FAIL,FAIL,"CalcProMaster - 543+ free online calculators",44,139,https://calcpromaster.netlify.app/,"",194,true,false,true,true,true,true,"selfCanonical uniqueH1 content noDuplicateCanonical"
https://calcpromaster.netlify.app/education/class-rank,tool,FAIL,FAIL,"CalcProMaster - 543+ free online calculators",44,139,https://calcpromaster.netlify.app/,"",194,true,false,true,true,true,true,"selfCanonical uniqueH1 content noDuplicateCanonical"
https://calcpromaster.netlify.app/education/homework-time,tool,FAIL,FAIL,"CalcProMaster - 543+ free online calculators",44,139,https://calcpromaster.netlify.app/,"",194,true,false,true,true,true,true,"selfCanonical uniqueH1 content noDuplicateCanonical"
https://calcpromaster.netlify.app/education/flashcard-count,tool,FAIL,FAIL,"CalcProMaster - 543+ free online calculators",44,139,https://calcpromaster.netlify.app/,"",194,true,false,true,true,true,true,"selfCanonical uniqueH1 content noDuplicateCanonical"
https://calcpromaster.netlify.app/education/plagiarism-check,tool,FAIL,FAIL,"CalcProMaster - 543+ free online calculators",44,139,https://calcpromaster.netlify.app/,"",194,true,false,true,true,true,true,"selfCanonical uniqueH1 content noDuplicateCanonical"
https://calcpromaster.netlify.app/education/letter-grade,tool,FAIL,FAIL,"CalcProMaster - 543+ free online calculators",44,139,https://calcpromaster.netlify.app/,"",194,true,false,true,true,true,true,"selfCanonical uniqueH1 content noDuplicateCanonical"
https://calcpromaster.netlify.app/education/sat-score,tool,FAIL,FAIL,"CalcProMaster - 543+ free online calculators",44,139,https://calcpromaster.netlify.app/,"",194,true,false,true,true,true,true,"selfCanonical uniqueH1 content noDuplicateCanonical"
https://calcpromaster.netlify.app/education/act-score,tool,FAIL,FAIL,"CalcProMaster - 543+ free online calculators",44,139,https://calcpromaster.netlify.app/,"",194,true,false,true,true,true,true,"selfCanonical uniqueH1 content noDuplicateCanonical"
https://calcpromaster.netlify.app/education/exam-score-needed,tool,FAIL,FAIL,"CalcProMaster - 543+ free online calculators",44,139,https://calcpromaster.netlify.app/,"",194,true,false,true,true,true,true,"selfCanonical uniqueH1 content noDuplicateCanonical"
https://calcpromaster.netlify.app/engineering,category,FAIL,FAIL,"CalcProMaster - 543+ free online calculators",44,139,https://calcpromaster.netlify.app/,"",194,true,false,true,true,true,true,"selfCanonical uniqueH1 content noDuplicateCanonical"
https://calcpromaster.netlify.app/hub/engineering,hub,FAIL,FAIL,"CalcProMaster - 543+ free online calculators",44,139,https://calcpromaster.netlify.app/,"",194,true,false,true,true,true,true,"selfCanonical uniqueH1 content noDuplicateCanonical"
https://calcpromaster.netlify.app/engineering/voltage-drop,tool,FAIL,FAIL,"CalcProMaster - 543+ free online calculators",44,139,https://calcpromaster.netlify.app/,"",194,true,false,true,true,true,true,"selfCanonical uniqueH1 content noDuplicateCanonical"
https://calcpromaster.netlify.app/engineering/power-factor,tool,FAIL,FAIL,"CalcProMaster - 543+ free online calculators",44,139,https://calcpromaster.netlify.app/,"",194,true,false,true,true,true,true,"selfCanonical uniqueH1 content noDuplicateCanonical"
https://calcpromaster.netlify.app/engineering/gear-ratio,tool,FAIL,FAIL,"CalcProMaster - 543+ free online calculators",44,139,https://calcpromaster.netlify.app/,"",194,true,false,true,true,true,true,"selfCanonical uniqueH1 content noDuplicateCanonical"
https://calcpromaster.netlify.app/engineering/torque,tool,FAIL,FAIL,"CalcProMaster - 543+ free online calculators",44,139,https://calcpromaster.netlify.app/,"",194,true,false,true,true,true,true,"selfCanonical uniqueH1 content noDuplicateCanonical"
https://calcpromaster.netlify.app/engineering/led-resistor,tool,FAIL,FAIL,"CalcProMaster - 543+ free online calculators",44,139,https://calcpromaster.netlify.app/,"",194,true,false,true,true,true,true,"selfCanonical uniqueH1 content noDuplicateCanonical"
https://calcpromaster.netlify.app/engineering/capacitor,tool,FAIL,FAIL,"CalcProMaster - 543+ free online calculators",44,139,https://calcpromaster.netlify.app/,"",194,true,false,true,true,true,true,"selfCanonical uniqueH1 content noDuplicateCanonical"
https://calcpromaster.netlify.app/engineering/battery-life,tool,FAIL,FAIL,"CalcProMaster - 543+ free online calculators",44,139,https://calcpromaster.netlify.app/,"",194,true,false,true,true,true,true,"selfCanonical uniqueH1 content noDuplicateCanonical"
https://calcpromaster.netlify.app/engineering/wire-gauge,tool,FAIL,FAIL,"CalcProMaster - 543+ free online calculators",44,139,https://calcpromaster.netlify.app/,"",194,true,false,true,true,true,true,"selfCanonical uniqueH1 content noDuplicateCanonical"
https://calcpromaster.netlify.app/engineering/rpm,tool,FAIL,FAIL,"CalcProMaster - 543+ free online calculators",44,139,https://calcpromaster.netlify.app/,"",194,true,false,true,true,true,true,"selfCanonical uniqueH1 content noDuplicateCanonical"
https://calcpromaster.netlify.app/engineering/horsepower,tool,FAIL,FAIL,"CalcProMaster - 543+ free online calculators",44,139,https://calcpromaster.netlify.app/,"",194,true,false,true,true,true,true,"selfCanonical uniqueH1 content noDuplicateCanonical"
https://calcpromaster.netlify.app/engineering/inductor,tool,FAIL,FAIL,"CalcProMaster - 543+ free online calculators",44,139,https://calcpromaster.netlify.app/,"",194,true,false,true,true,true,true,"selfCanonical uniqueH1 content noDuplicateCanonical"
https://calcpromaster.netlify.app/engineering/impedance,tool,FAIL,FAIL,"CalcProMaster - 543+ free online calculators",44,139,https://calcpromaster.netlify.app/,"",194,true,false,true,true,true,true,"selfCanonical uniqueH1 content noDuplicateCanonical"
https://calcpromaster.netlify.app/engineering/beam-load,tool,FAIL,FAIL,"CalcProMaster - 543+ free online calculators",44,139,https://calcpromaster.netlify.app/,"",194,true,false,true,true,true,true,"selfCanonical uniqueH1 content noDuplicateCanonical"
https://calcpromaster.netlify.app/engineering/hydraulic,tool,FAIL,FAIL,"CalcProMaster - 543+ free online calculators",44,139,https://calcpromaster.netlify.app/,"",194,true,false,true,true,true,true,"selfCanonical uniqueH1 content noDuplicateCanonical"
https://calcpromaster.netlify.app/engineering/thermal,tool,FAIL,FAIL,"CalcProMaster - 543+ free online calculators",44,139,https://calcpromaster.netlify.app/,"",194,true,false,true,true,true,true,"selfCanonical uniqueH1 content noDuplicateCanonical"
https://calcpromaster.netlify.app/engineering/kva-kw,tool,FAIL,FAIL,"CalcProMaster - 543+ free online calculators",44,139,https://calcpromaster.netlify.app/,"",194,true,false,true,true,true,true,"selfCanonical uniqueH1 content noDuplicateCanonical"
https://calcpromaster.netlify.app/engineering/belt-length,tool,FAIL,FAIL,"CalcProMaster - 543+ free online calculators",44,139,https://calcpromaster.netlify.app/,"",194,true,false,true,true,true,true,"selfCanonical uniqueH1 content noDuplicateCanonical"
https://calcpromaster.netlify.app/engineering/flow-rate,tool,FAIL,FAIL,"CalcProMaster - 543+ free online calculators",44,139,https://calcpromaster.netlify.app/,"",194,true,false,true,true,true,true,"selfCanonical uniqueH1 content noDuplicateCanonical"
https://calcpromaster.netlify.app/engineering/sound-level,tool,FAIL,FAIL,"CalcProMaster - 543+ free online calculators",44,139,https://calcpromaster.netlify.app/,"",194,true,false,true,true,true,true,"selfCanonical uniqueH1 content noDuplicateCanonical"
https://calcpromaster.netlify.app/engineering/shaft-power,tool,FAIL,FAIL,"CalcProMaster - 543+ free online calculators",44,139,https://calcpromaster.netlify.app/,"",194,true,false,true,true,true,true,"selfCanonical uniqueH1 content noDuplicateCanonical"
https://calcpromaster.netlify.app/engineering/spring-rate,tool,FAIL,FAIL,"CalcProMaster - 543+ free online calculators",44,139,https://calcpromaster.netlify.app/,"",194,true,false,true,true,true,true,"selfCanonical uniqueH1 content noDuplicateCanonical"
https://calcpromaster.netlify.app/engineering/resonant-frequency,tool,FAIL,FAIL,"CalcProMaster - 543+ free online calculators",44,139,https://calcpromaster.netlify.app/,"",194,true,false,true,true,true,true,"selfCanonical uniqueH1 content noDuplicateCanonical"
https://calcpromaster.netlify.app/engineering/transformer-ratio,tool,FAIL,FAIL,"CalcProMaster - 543+ free online calculators",44,139,https://calcpromaster.netlify.app/,"",194,true,false,true,true,true,true,"selfCanonical uniqueH1 content noDuplicateCanonical"
https://calcpromaster.netlify.app/engineering/hydraulic-power,tool,FAIL,FAIL,"CalcProMaster - 543+ free online calculators",44,139,https://calcpromaster.netlify.app/,"",194,true,false,true,true,true,true,"selfCanonical uniqueH1 content noDuplicateCanonical"
https://calcpromaster.netlify.app/engineering/stress-strain,tool,FAIL,FAIL,"CalcProMaster - 543+ free online calculators",44,139,https://calcpromaster.netlify.app/,"",194,true,false,true,true,true,true,"selfCanonical uniqueH1 content noDuplicateCanonical"
https://calcpromaster.netlify.app/everyday,category,FAIL,FAIL,"CalcProMaster - 543+ free online calculators",44,139,https://calcpromaster.netlify.app/,"",194,true,false,true,true,true,true,"selfCanonical uniqueH1 content noDuplicateCanonical"
https://calcpromaster.netlify.app/hub/everyday,hub,FAIL,FAIL,"CalcProMaster - 543+ free online calculators",44,139,https://calcpromaster.netlify.app/,"",194,true,false,true,true,true,true,"selfCanonical uniqueH1 content noDuplicateCanonical"
https://calcpromaster.netlify.app/everyday/age,tool,FAIL,FAIL,"CalcProMaster - 543+ free online calculators",44,139,https://calcpromaster.netlify.app/,"",194,true,false,true,true,true,true,"selfCanonical uniqueH1 content noDuplicateCanonical"
https://calcpromaster.netlify.app/everyday/date-diff,tool,FAIL,FAIL,"CalcProMaster - 543+ free online calculators",44,139,https://calcpromaster.netlify.app/,"",194,true,false,true,true,true,true,"selfCanonical uniqueH1 content noDuplicateCanonical"
https://calcpromaster.netlify.app/everyday/time-calc,tool,FAIL,FAIL,"CalcProMaster - 543+ free online calculators",44,139,https://calcpromaster.netlify.app/,"",194,true,false,true,true,true,true,"selfCanonical uniqueH1 content noDuplicateCanonical"
https://calcpromaster.netlify.app/everyday/trip-fuel-cost,tool,FAIL,FAIL,"CalcProMaster - 543+ free online calculators",44,139,https://calcpromaster.netlify.app/,"",194,true,false,true,true,true,true,"selfCanonical uniqueH1 content noDuplicateCanonical"
https://calcpromaster.netlify.app/everyday/electricity,tool,FAIL,FAIL,"CalcProMaster - 543+ free online calculators",44,139,https://calcpromaster.netlify.app/,"",194,true,false,true,true,true,true,"selfCanonical uniqueH1 content noDuplicateCanonical"
https://calcpromaster.netlify.app/everyday/carbon,tool,FAIL,FAIL,"CalcProMaster - 543+ free online calculators",44,139,https://calcpromaster.netlify.app/,"",194,true,false,true,true,true,true,"selfCanonical uniqueH1 content noDuplicateCanonical"
https://calcpromaster.netlify.app/everyday/gst,tool,FAIL,FAIL,"CalcProMaster - 543+ free online calculators",44,139,https://calcpromaster.netlify.app/,"",194,true,false,true,true,true,true,"selfCanonical uniqueH1 content noDuplicateCanonical"
https://calcpromaster.netlify.app/everyday/paint,tool,FAIL,FAIL,"CalcProMaster - 543+ free online calculators",44,139,https://calcpromaster.netlify.app/,"",194,true,false,true,true,true,true,"selfCanonical uniqueH1 content noDuplicateCanonical"
https://calcpromaster.netlify.app/everyday/concrete,tool,FAIL,FAIL,"CalcProMaster - 543+ free online calculators",44,139,https://calcpromaster.netlify.app/,"",194,true,false,true,true,true,true,"selfCanonical uniqueH1 content noDuplicateCanonical"
https://calcpromaster.netlify.app/everyday/garden,tool,FAIL,FAIL,"CalcProMaster - 543+ free online calculators",44,139,https://calcpromaster.netlify.app/,"",194,true,false,true,true,true,true,"selfCanonical uniqueH1 content noDuplicateCanonical"
https://calcpromaster.netlify.app/everyday/cooking,tool,FAIL,FAIL,"CalcProMaster - 543+ free online calculators",44,139,https://calcpromaster.netlify.app/,"",194,true,false,true,true,true,true,"selfCanonical uniqueH1 content noDuplicateCanonical"
https://calcpromaster.netlify.app/everyday/weather,tool,FAIL,FAIL,"CalcProMaster - 543+ free online calculators",44,139,https://calcpromaster.netlify.app/,"",194,true,false,true,true,true,true,"selfCanonical uniqueH1 content noDuplicateCanonical"
https://calcpromaster.netlify.app/everyday/timezone,tool,FAIL,FAIL,"CalcProMaster - 543+ free online calculators",44,139,https://calcpromaster.netlify.app/,"",194,true,false,true,true,true,true,"selfCanonical uniqueH1 content noDuplicateCanonical"
https://calcpromaster.netlify.app/everyday/calorie-counter,tool,FAIL,FAIL,"CalcProMaster - 543+ free online calculators",44,139,https://calcpromaster.netlify.app/,"",194,true,false,true,true,true,true,"selfCanonical uniqueH1 content noDuplicateCanonical"
https://calcpromaster.netlify.app/everyday/currency-exchange,tool,FAIL,FAIL,"CalcProMaster - 543+ free online calculators",44,139,https://calcpromaster.netlify.app/,"",194,true,false,true,true,true,true,"selfCanonical uniqueH1 content noDuplicateCanonical"
https://calcpromaster.netlify.app/everyday/sleep-calc,tool,FAIL,FAIL,"CalcProMaster - 543+ free online calculators",44,139,https://calcpromaster.netlify.app/,"",194,true,false,true,true,true,true,"selfCanonical uniqueH1 content noDuplicateCanonical"
https://calcpromaster.netlify.app/everyday/walking-steps,tool,FAIL,FAIL,"CalcProMaster - 543+ free online calculators",44,139,https://calcpromaster.netlify.app/,"",194,true,false,true,true,true,true,"selfCanonical uniqueH1 content noDuplicateCanonical"
https://calcpromaster.netlify.app/everyday/fitness-age,tool,FAIL,FAIL,"CalcProMaster - 543+ free online calculators",44,139,https://calcpromaster.netlify.app/,"",194,true,false,true,true,true,true,"selfCanonical uniqueH1 content noDuplicateCanonical"
https://calcpromaster.netlify.app/everyday/pet-age,tool,FAIL,FAIL,"CalcProMaster - 543+ free online calculators",44,139,https://calcpromaster.netlify.app/,"",194,true,false,true,true,true,true,"selfCanonical uniqueH1 content noDuplicateCanonical"
https://calcpromaster.netlify.app/everyday/blood-alcohol,tool,FAIL,FAIL,"CalcProMaster - 543+ free online calculators",44,139,https://calcpromaster.netlify.app/,"",194,true,false,true,true,true,true,"selfCanonical uniqueH1 content noDuplicateCanonical"
https://calcpromaster.netlify.app/everyday/vacation-budget,tool,FAIL,FAIL,"CalcProMaster - 543+ free online calculators",44,139,https://calcpromaster.netlify.app/,"",194,true,false,true,true,true,true,"selfCanonical uniqueH1 content noDuplicateCanonical"
https://calcpromaster.netlify.app/everyday/laundry-cost,tool,FAIL,FAIL,"CalcProMaster - 543+ free online calculators",44,139,https://calcpromaster.netlify.app/,"",194,true,false,true,true,true,true,"selfCanonical uniqueH1 content noDuplicateCanonical"
https://calcpromaster.netlify.app/everyday/coffee-cost,tool,FAIL,FAIL,"CalcProMaster - 543+ free online calculators",44,139,https://calcpromaster.netlify.app/,"",194,true,false,true,true,true,true,"selfCanonical uniqueH1 content noDuplicateCanonical"
https://calcpromaster.netlify.app/everyday/grocery-budget,tool,FAIL,FAIL,"CalcProMaster - 543+ free online calculators",44,139,https://calcpromaster.netlify.app/,"",194,true,false,true,true,true,true,"selfCanonical uniqueH1 content noDuplicateCanonical"
https://calcpromaster.netlify.app/everyday/distance-pace,tool,FAIL,FAIL,"CalcProMaster - 543+ free online calculators",44,139,https://calcpromaster.netlify.app/,"",194,true,false,true,true,true,true,"selfCanonical uniqueH1 content noDuplicateCanonical"
https://calcpromaster.netlify.app/finance,category,FAIL,FAIL,"CalcProMaster - 543+ free online calculators",44,139,https://calcpromaster.netlify.app/,"",194,true,false,true,true,true,true,"selfCanonical uniqueH1 content noDuplicateCanonical"
https://calcpromaster.netlify.app/hub/finance,hub,FAIL,FAIL,"CalcProMaster - 543+ free online calculators",44,139,https://calcpromaster.netlify.app/,"",194,true,false,true,true,true,true,"selfCanonical uniqueH1 content noDuplicateCanonical"
https://calcpromaster.netlify.app/finance/loan-emi,tool,FAIL,FAIL,"CalcProMaster - 543+ free online calculators",44,139,https://calcpromaster.netlify.app/,"",194,true,false,true,true,true,true,"selfCanonical uniqueH1 content noDuplicateCanonical"
https://calcpromaster.netlify.app/finance/mortgage,tool,FAIL,FAIL,"CalcProMaster - 543+ free online calculators",44,139,https://calcpromaster.netlify.app/,"",194,true,false,true,true,true,true,"selfCanonical uniqueH1 content noDuplicateCanonical"
https://calcpromaster.netlify.app/finance/compound-interest,tool,FAIL,FAIL,"CalcProMaster - 543+ free online calculators",44,139,https://calcpromaster.netlify.app/,"",194,true,false,true,true,true,true,"selfCanonical uniqueH1 content noDuplicateCanonical"
https://calcpromaster.netlify.app/finance/simple-interest,tool,FAIL,FAIL,"CalcProMaster - 543+ free online calculators",44,139,https://calcpromaster.netlify.app/,"",194,true,false,true,true,true,true,"selfCanonical uniqueH1 content noDuplicateCanonical"
https://calcpromaster.netlify.app/finance/auto-loan,tool,FAIL,FAIL,"CalcProMaster - 543+ free online calculators",44,139,https://calcpromaster.netlify.app/,"",194,true,false,true,true,true,true,"selfCanonical uniqueH1 content noDuplicateCanonical"
https://calcpromaster.netlify.app/finance/credit-card-payoff,tool,FAIL,FAIL,"CalcProMaster - 543+ free online calculators",44,139,https://calcpromaster.netlify.app/,"",194,true,false,true,true,true,true,"selfCanonical uniqueH1 content noDuplicateCanonical"
https://calcpromaster.netlify.app/finance/retirement,tool,FAIL,FAIL,"CalcProMaster - 543+ free online calculators",44,139,https://calcpromaster.netlify.app/,"",194,true,false,true,true,true,true,"selfCanonical uniqueH1 content noDuplicateCanonical"
https://calcpromaster.netlify.app/finance/investment,tool,FAIL,FAIL,"CalcProMaster - 543+ free online calculators",44,139,https://calcpromaster.netlify.app/,"",194,true,false,true,true,true,true,"selfCanonical uniqueH1 content noDuplicateCanonical"
https://calcpromaster.netlify.app/finance/savings-goal,tool,FAIL,FAIL,"CalcProMaster - 543+ free online calculators",44,139,https://calcpromaster.netlify.app/,"",194,true,false,true,true,true,true,"selfCanonical uniqueH1 content noDuplicateCanonical"
https://calcpromaster.netlify.app/finance/tax,tool,FAIL,FAIL,"CalcProMaster - 543+ free online calculators",44,139,https://calcpromaster.netlify.app/,"",194,true,false,true,true,true,true,"selfCanonical uniqueH1 content noDuplicateCanonical"
https://calcpromaster.netlify.app/finance/sales-tax,tool,FAIL,FAIL,"CalcProMaster - 543+ free online calculators",44,139,https://calcpromaster.netlify.app/,"",194,true,false,true,true,true,true,"selfCanonical uniqueH1 content noDuplicateCanonical"
https://calcpromaster.netlify.app/finance/npv,tool,FAIL,FAIL,"CalcProMaster - 543+ free online calculators",44,139,https://calcpromaster.netlify.app/,"",194,true,false,true,true,true,true,"selfCanonical uniqueH1 content noDuplicateCanonical"
https://calcpromaster.netlify.app/finance/irr,tool,FAIL,FAIL,"CalcProMaster - 543+ free online calculators",44,139,https://calcpromaster.netlify.app/,"",194,true,false,true,true,true,true,"selfCanonical uniqueH1 content noDuplicateCanonical"
https://calcpromaster.netlify.app/finance/roi,tool,FAIL,FAIL,"CalcProMaster - 543+ free online calculators",44,139,https://calcpromaster.netlify.app/,"",194,true,false,true,true,true,true,"selfCanonical uniqueH1 content noDuplicateCanonical"
https://calcpromaster.netlify.app/finance/tip,tool,FAIL,FAIL,"CalcProMaster - 543+ free online calculators",44,139,https://calcpromaster.netlify.app/,"",194,true,false,true,true,true,true,"selfCanonical uniqueH1 content noDuplicateCanonical"
https://calcpromaster.netlify.app/finance/salary,tool,FAIL,FAIL,"CalcProMaster - 543+ free online calculators",44,139,https://calcpromaster.netlify.app/,"",194,true,false,true,true,true,true,"selfCanonical uniqueH1 content noDuplicateCanonical"
https://calcpromaster.netlify.app/finance/annuity,tool,FAIL,FAIL,"CalcProMaster - 543+ free online calculators",44,139,https://calcpromaster.netlify.app/,"",194,true,false,true,true,true,true,"selfCanonical uniqueH1 content noDuplicateCanonical"
https://calcpromaster.netlify.app/finance/inflation,tool,FAIL,FAIL,"CalcProMaster - 543+ free online calculators",44,139,https://calcpromaster.netlify.app/,"",194,true,false,true,true,true,true,"selfCanonical uniqueH1 content noDuplicateCanonical"
https://calcpromaster.netlify.app/finance/bonds,tool,FAIL,FAIL,"CalcProMaster - 543+ free online calculators",44,139,https://calcpromaster.netlify.app/,"",194,true,false,true,true,true,true,"selfCanonical uniqueH1 content noDuplicateCanonical"
https://calcpromaster.netlify.app/finance/debt-ratio,tool,FAIL,FAIL,"CalcProMaster - 543+ free online calculators",44,139,https://calcpromaster.netlify.app/,"",194,true,false,true,true,true,true,"selfCanonical uniqueH1 content noDuplicateCanonical"
https://calcpromaster.netlify.app/finance/net-worth-calculator,tool,FAIL,FAIL,"CalcProMaster - 543+ free online calculators",44,139,https://calcpromaster.netlify.app/,"",194,true,false,true,true,true,true,"selfCanonical uniqueH1 content noDuplicateCanonical"
https://calcpromaster.netlify.app/finance/rent-vs-buy,tool,FAIL,FAIL,"CalcProMaster - 543+ free online calculators",44,139,https://calcpromaster.netlify.app/,"",194,true,false,true,true,true,true,"selfCanonical uniqueH1 content noDuplicateCanonical"
https://calcpromaster.netlify.app/finance/refinance,tool,FAIL,FAIL,"CalcProMaster - 543+ free online calculators",44,139,https://calcpromaster.netlify.app/,"",194,true,false,true,true,true,true,"selfCanonical uniqueH1 content noDuplicateCanonical"
https://calcpromaster.netlify.app/finance/home-afford,tool,FAIL,FAIL,"CalcProMaster - 543+ free online calculators",44,139,https://calcpromaster.netlify.app/,"",194,true,false,true,true,true,true,"selfCanonical uniqueH1 content noDuplicateCanonical"
https://calcpromaster.netlify.app/finance/currency-converter,tool,FAIL,FAIL,"CalcProMaster - 543+ free online calculators",44,139,https://calcpromaster.netlify.app/,"",194,true,false,true,true,true,true,"selfCanonical uniqueH1 content noDuplicateCanonical"
https://calcpromaster.netlify.app/finance/loan-qualify,tool,FAIL,FAIL,"CalcProMaster - 543+ free online calculators",44,139,https://calcpromaster.netlify.app/,"",194,true,false,true,true,true,true,"selfCanonical uniqueH1 content noDuplicateCanonical"
https://calcpromaster.netlify.app/finance/paycheck,tool,FAIL,FAIL,"CalcProMaster - 543+ free online calculators",44,139,https://calcpromaster.netlify.app/,"",194,true,false,true,true,true,true,"selfCanonical uniqueH1 content noDuplicateCanonical"
https://calcpromaster.netlify.app/finance/break-even,tool,FAIL,FAIL,"CalcProMaster - 543+ free online calculators",44,139,https://calcpromaster.netlify.app/,"",194,true,false,true,true,true,true,"selfCanonical uniqueH1 content noDuplicateCanonical"
https://calcpromaster.netlify.app/finance/cash-flow,tool,FAIL,FAIL,"CalcProMaster - 543+ free online calculators",44,139,https://calcpromaster.netlify.app/,"",194,true,false,true,true,true,true,"selfCanonical uniqueH1 content noDuplicateCanonical"
https://calcpromaster.netlify.app/finance/markup,tool,FAIL,FAIL,"CalcProMaster - 543+ free online calculators",44,139,https://calcpromaster.netlify.app/,"",194,true,false,true,true,true,true,"selfCanonical uniqueH1 content noDuplicateCanonical"
https://calcpromaster.netlify.app/finance/discount,tool,FAIL,FAIL,"CalcProMaster - 543+ free online calculators",44,139,https://calcpromaster.netlify.app/,"",194,true,false,true,true,true,true,"selfCanonical uniqueH1 content noDuplicateCanonical"
https://calcpromaster.netlify.app/finance/present-value,tool,FAIL,FAIL,"CalcProMaster - 543+ free online calculators",44,139,https://calcpromaster.netlify.app/,"",194,true,false,true,true,true,true,"selfCanonical uniqueH1 content noDuplicateCanonical"
https://calcpromaster.netlify.app/finance/future-value,tool,FAIL,FAIL,"CalcProMaster - 543+ free online calculators",44,139,https://calcpromaster.netlify.app/,"",194,true,false,true,true,true,true,"selfCanonical uniqueH1 content noDuplicateCanonical"
https://calcpromaster.netlify.app/finance/amortization,tool,FAIL,FAIL,"CalcProMaster - 543+ free online calculators",44,139,https://calcpromaster.netlify.app/,"",194,true,false,true,true,true,true,"selfCanonical uniqueH1 content noDuplicateCanonical"
https://calcpromaster.netlify.app/finance/loan-to-value,tool,FAIL,FAIL,"CalcProMaster - 543+ free online calculators",44,139,https://calcpromaster.netlify.app/,"",194,true,false,true,true,true,true,"selfCanonical uniqueH1 content noDuplicateCanonical"
https://calcpromaster.netlify.app/finance/apr,tool,FAIL,FAIL,"CalcProMaster - 543+ free online calculators",44,139,https://calcpromaster.netlify.app/,"",194,true,false,true,true,true,true,"selfCanonical uniqueH1 content noDuplicateCanonical"
https://calcpromaster.netlify.app/finance/capital-gains,tool,FAIL,FAIL,"CalcProMaster - 543+ free online calculators",44,139,https://calcpromaster.netlify.app/,"",194,true,false,true,true,true,true,"selfCanonical uniqueH1 content noDuplicateCanonical"
https://calcpromaster.netlify.app/finance/dividend,tool,FAIL,FAIL,"CalcProMaster - 543+ free online calculators",44,139,https://calcpromaster.netlify.app/,"",194,true,false,true,true,true,true,"selfCanonical uniqueH1 content noDuplicateCanonical"
https://calcpromaster.netlify.app/finance/fire,tool,FAIL,FAIL,"CalcProMaster - 543+ free online calculators",44,139,https://calcpromaster.netlify.app/,"",194,true,false,true,true,true,true,"selfCanonical uniqueH1 content noDuplicateCanonical"
https://calcpromaster.netlify.app/finance/social-security,tool,FAIL,FAIL,"CalcProMaster - 543+ free online calculators",44,139,https://calcpromaster.netlify.app/,"",194,true,false,true,true,true,true,"selfCanonical uniqueH1 content noDuplicateCanonical"
https://calcpromaster.netlify.app/finance/rental-yield,tool,FAIL,FAIL,"CalcProMaster - 543+ free online calculators",44,139,https://calcpromaster.netlify.app/,"",194,true,false,true,true,true,true,"selfCanonical uniqueH1 content noDuplicateCanonical"
https://calcpromaster.netlify.app/finance/loan-comparison,tool,FAIL,FAIL,"CalcProMaster - 543+ free online calculators",44,139,https://calcpromaster.netlify.app/,"",194,true,false,true,true,true,true,"selfCanonical uniqueH1 content noDuplicateCanonical"
https://calcpromaster.netlify.app/finance/investment-growth,tool,FAIL,FAIL,"CalcProMaster - 543+ free online calculators",44,139,https://calcpromaster.netlify.app/,"",194,true,false,true,true,true,true,"selfCanonical uniqueH1 content noDuplicateCanonical"
https://calcpromaster.netlify.app/finance/savings-comparison,tool,FAIL,FAIL,"CalcProMaster - 543+ free online calculators",44,139,https://calcpromaster.netlify.app/,"",194,true,false,true,true,true,true,"selfCanonical uniqueH1 content noDuplicateCanonical"
https://calcpromaster.netlify.app/finance/mortgage-payoff,tool,FAIL,FAIL,"CalcProMaster - 543+ free online calculators",44,139,https://calcpromaster.netlify.app/,"",194,true,false,true,true,true,true,"selfCanonical uniqueH1 content noDuplicateCanonical"
https://calcpromaster.netlify.app/finance/graduated-payment,tool,FAIL,FAIL,"CalcProMaster - 543+ free online calculators",44,139,https://calcpromaster.netlify.app/,"",194,true,false,true,true,true,true,"selfCanonical uniqueH1 content noDuplicateCanonical"
https://calcpromaster.netlify.app/finance/balloon-payment,tool,FAIL,FAIL,"CalcProMaster - 543+ free online calculators",44,139,https://calcpromaster.netlify.app/,"",194,true,false,true,true,true,true,"selfCanonical uniqueH1 content noDuplicateCanonical"
https://calcpromaster.netlify.app/finance/interest-only,tool,FAIL,FAIL,"CalcProMaster - 543+ free online calculators",44,139,https://calcpromaster.netlify.app/,"",194,true,false,true,true,true,true,"selfCanonical uniqueH1 content noDuplicateCanonical"
https://calcpromaster.netlify.app/finance/emergency-fund,tool,FAIL,FAIL,"CalcProMaster - 543+ free online calculators",44,139,https://calcpromaster.netlify.app/,"",194,true,false,true,true,true,true,"selfCanonical uniqueH1 content noDuplicateCanonical"
https://calcpromaster.netlify.app/finance/bond-yield,tool,FAIL,FAIL,"CalcProMaster - 543+ free online calculators",44,139,https://calcpromaster.netlify.app/,"",194,true,false,true,true,true,true,"selfCanonical uniqueH1 content noDuplicateCanonical"
https://calcpromaster.netlify.app/finance/retirement-income,tool,FAIL,FAIL,"CalcProMaster - 543+ free online calculators",44,139,https://calcpromaster.netlify.app/,"",194,true,false,true,true,true,true,"selfCanonical uniqueH1 content noDuplicateCanonical"
https://calcpromaster.netlify.app/finance/sip,tool,FAIL,FAIL,"CalcProMaster - 543+ free online calculators",44,139,https://calcpromaster.netlify.app/,"",194,true,false,true,true,true,true,"selfCanonical uniqueH1 content noDuplicateCanonical"
https://calcpromaster.netlify.app/finance/crypto-profit,tool,FAIL,FAIL,"CalcProMaster - 543+ free online calculators",44,139,https://calcpromaster.netlify.app/,"",194,true,false,true,true,true,true,"selfCanonical uniqueH1 content noDuplicateCanonical"
https://calcpromaster.netlify.app/finance/stock-profit,tool,FAIL,FAIL,"CalcProMaster - 543+ free online calculators",44,139,https://calcpromaster.netlify.app/,"",194,true,false,true,true,true,true,"selfCanonical uniqueH1 content noDuplicateCanonical"
https://calcpromaster.netlify.app/finance/dca,tool,FAIL,FAIL,"CalcProMaster - 543+ free online calculators",44,139,https://calcpromaster.netlify.app/,"",194,true,false,true,true,true,true,"selfCanonical uniqueH1 content noDuplicateCanonical"
https://calcpromaster.netlify.app/finance/college-cost,tool,FAIL,FAIL,"CalcProMaster - 543+ free online calculators",44,139,https://calcpromaster.netlify.app/,"",194,true,false,true,true,true,true,"selfCanonical uniqueH1 content noDuplicateCanonical"
https://calcpromaster.netlify.app/finance/perpetuity,tool,FAIL,FAIL,"CalcProMaster - 543+ free online calculators",44,139,https://calcpromaster.netlify.app/,"",194,true,false,true,true,true,true,"selfCanonical uniqueH1 content noDuplicateCanonical"
https://calcpromaster.netlify.app/finance/esop,tool,FAIL,FAIL,"CalcProMaster - 543+ free online calculators",44,139,https://calcpromaster.netlify.app/,"",194,true,false,true,true,true,true,"selfCanonical uniqueH1 content noDuplicateCanonical"
https://calcpromaster.netlify.app/finance/us-income-tax,tool,FAIL,FAIL,"CalcProMaster - 543+ free online calculators",44,139,https://calcpromaster.netlify.app/,"",194,true,false,true,true,true,true,"selfCanonical uniqueH1 content noDuplicateCanonical"
https://calcpromaster.netlify.app/finance/uk-income-tax,tool,FAIL,FAIL,"CalcProMaster - 543+ free online calculators",44,139,https://calcpromaster.netlify.app/,"",194,true,false,true,true,true,true,"selfCanonical uniqueH1 content noDuplicateCanonical"
https://calcpromaster.netlify.app/finance/canada-income-tax,tool,FAIL,FAIL,"CalcProMaster - 543+ free online calculators",44,139,https://calcpromaster.netlify.app/,"",194,true,false,true,true,true,true,"selfCanonical uniqueH1 content noDuplicateCanonical"
https://calcpromaster.netlify.app/finance/australia-income-tax,tool,FAIL,FAIL,"CalcProMaster - 543+ free online calculators",44,139,https://calcpromaster.netlify.app/,"",194,true,false,true,true,true,true,"selfCanonical uniqueH1 content noDuplicateCanonical"
https://calcpromaster.netlify.app/fitness,category,FAIL,FAIL,"CalcProMaster - 543+ free online calculators",44,139,https://calcpromaster.netlify.app/,"",194,true,false,true,true,true,true,"selfCanonical uniqueH1 content noDuplicateCanonical"
https://calcpromaster.netlify.app/hub/fitness,hub,FAIL,FAIL,"CalcProMaster - 543+ free online calculators",44,139,https://calcpromaster.netlify.app/,"",194,true,false,true,true,true,true,"selfCanonical uniqueH1 content noDuplicateCanonical"
https://calcpromaster.netlify.app/fitness/running-pace,tool,FAIL,FAIL,"CalcProMaster - 543+ free online calculators",44,139,https://calcpromaster.netlify.app/,"",194,true,false,true,true,true,true,"selfCanonical uniqueH1 content noDuplicateCanonical"
https://calcpromaster.netlify.app/fitness/race-predictor,tool,FAIL,FAIL,"CalcProMaster - 543+ free online calculators",44,139,https://calcpromaster.netlify.app/,"",194,true,false,true,true,true,true,"selfCanonical uniqueH1 content noDuplicateCanonical"
https://calcpromaster.netlify.app/fitness/steps-to-distance,tool,FAIL,FAIL,"CalcProMaster - 543+ free online calculators",44,139,https://calcpromaster.netlify.app/,"",194,true,false,true,true,true,true,"selfCanonical uniqueH1 content noDuplicateCanonical"
https://calcpromaster.netlify.app/fitness/max-heart-rate,tool,FAIL,FAIL,"CalcProMaster - 543+ free online calculators",44,139,https://calcpromaster.netlify.app/,"",194,true,false,true,true,true,true,"selfCanonical uniqueH1 content noDuplicateCanonical"
https://calcpromaster.netlify.app/fitness/recovery-hr,tool,FAIL,FAIL,"CalcProMaster - 543+ free online calculators",44,139,https://calcpromaster.netlify.app/,"",194,true,false,true,true,true,true,"selfCanonical uniqueH1 content noDuplicateCanonical"
https://calcpromaster.netlify.app/fitness/vo2max,tool,FAIL,FAIL,"CalcProMaster - 543+ free online calculators",44,139,https://calcpromaster.netlify.app/,"",194,true,false,true,true,true,true,"selfCanonical uniqueH1 content noDuplicateCanonical"
https://calcpromaster.netlify.app/fitness/calories-exercise,tool,FAIL,FAIL,"CalcProMaster - 543+ free online calculators",44,139,https://calcpromaster.netlify.app/,"",194,true,false,true,true,true,true,"selfCanonical uniqueH1 content noDuplicateCanonical"
https://calcpromaster.netlify.app/fitness/body-fat-fitness,tool,FAIL,FAIL,"CalcProMaster - 543+ free online calculators",44,139,https://calcpromaster.netlify.app/,"",194,true,false,true,true,true,true,"selfCanonical uniqueH1 content noDuplicateCanonical"
https://calcpromaster.netlify.app/fitness/pullup-test,tool,FAIL,FAIL,"CalcProMaster - 543+ free online calculators",44,139,https://calcpromaster.netlify.app/,"",194,true,false,true,true,true,true,"selfCanonical uniqueH1 content noDuplicateCanonical"
https://calcpromaster.netlify.app/fitness/flexibility-score,tool,FAIL,FAIL,"CalcProMaster - 543+ free online calculators",44,139,https://calcpromaster.netlify.app/,"",194,true,false,true,true,true,true,"selfCanonical uniqueH1 content noDuplicateCanonical"
https://calcpromaster.netlify.app/fitness/sports-calories,tool,FAIL,FAIL,"CalcProMaster - 543+ free online calculators",44,139,https://calcpromaster.netlify.app/,"",194,true,false,true,true,true,true,"selfCanonical uniqueH1 content noDuplicateCanonical"
https://calcpromaster.netlify.app/fitness/calories-burned,tool,FAIL,FAIL,"CalcProMaster - 543+ free online calculators",44,139,https://calcpromaster.netlify.app/,"",194,true,false,true,true,true,true,"selfCanonical uniqueH1 content noDuplicateCanonical"
https://calcpromaster.netlify.app/fitness/one-rep-max,tool,FAIL,FAIL,"CalcProMaster - 543+ free online calculators",44,139,https://calcpromaster.netlify.app/,"",194,true,false,true,true,true,true,"selfCanonical uniqueH1 content noDuplicateCanonical"
https://calcpromaster.netlify.app/fitness/training-max,tool,FAIL,FAIL,"CalcProMaster - 543+ free online calculators",44,139,https://calcpromaster.netlify.app/,"",194,true,false,true,true,true,true,"selfCanonical uniqueH1 content noDuplicateCanonical"
https://calcpromaster.netlify.app/fitness/weight-loss,tool,FAIL,FAIL,"CalcProMaster - 543+ free online calculators",44,139,https://calcpromaster.netlify.app/,"",194,true,false,true,true,true,true,"selfCanonical uniqueH1 content noDuplicateCanonical"
https://calcpromaster.netlify.app/fitness/muscle-gain,tool,FAIL,FAIL,"CalcProMaster - 543+ free online calculators",44,139,https://calcpromaster.netlify.app/,"",194,true,false,true,true,true,true,"selfCanonical uniqueH1 content noDuplicateCanonical"
https://calcpromaster.netlify.app/fitness/pushup-test,tool,FAIL,FAIL,"CalcProMaster - 543+ free online calculators",44,139,https://calcpromaster.netlify.app/,"",194,true,false,true,true,true,true,"selfCanonical uniqueH1 content noDuplicateCanonical"
https://calcpromaster.netlify.app/fitness/squat-standards,tool,FAIL,FAIL,"CalcProMaster - 543+ free online calculators",44,139,https://calcpromaster.netlify.app/,"",194,true,false,true,true,true,true,"selfCanonical uniqueH1 content noDuplicateCanonical"
https://calcpromaster.netlify.app/fitness/bench-standards,tool,FAIL,FAIL,"CalcProMaster - 543+ free online calculators",44,139,https://calcpromaster.netlify.app/,"",194,true,false,true,true,true,true,"selfCanonical uniqueH1 content noDuplicateCanonical"
https://calcpromaster.netlify.app/fitness/deadlift-standards,tool,FAIL,FAIL,"CalcProMaster - 543+ free online calculators",44,139,https://calcpromaster.netlify.app/,"",194,true,false,true,true,true,true,"selfCanonical uniqueH1 content noDuplicateCanonical"
https://calcpromaster.netlify.app/fitness/overhead-standards,tool,FAIL,FAIL,"CalcProMaster - 543+ free online calculators",44,139,https://calcpromaster.netlify.app/,"",194,true,false,true,true,true,true,"selfCanonical uniqueH1 content noDuplicateCanonical"
https://calcpromaster.netlify.app/fitness/plank-test,tool,FAIL,FAIL,"CalcProMaster - 543+ free online calculators",44,139,https://calcpromaster.netlify.app/,"",194,true,false,true,true,true,true,"selfCanonical uniqueH1 content noDuplicateCanonical"
https://calcpromaster.netlify.app/fitness/grip-strength,tool,FAIL,FAIL,"CalcProMaster - 543+ free online calculators",44,139,https://calcpromaster.netlify.app/,"",194,true,false,true,true,true,true,"selfCanonical uniqueH1 content noDuplicateCanonical"
https://calcpromaster.netlify.app/food,category,FAIL,FAIL,"CalcProMaster - 543+ free online calculators",44,139,https://calcpromaster.netlify.app/,"",194,true,false,true,true,true,true,"selfCanonical uniqueH1 content noDuplicateCanonical"
https://calcpromaster.netlify.app/hub/food,hub,FAIL,FAIL,"CalcProMaster - 543+ free online calculators",44,139,https://calcpromaster.netlify.app/,"",194,true,false,true,true,true,true,"selfCanonical uniqueH1 content noDuplicateCanonical"
https://calcpromaster.netlify.app/food/daily-calorie,tool,FAIL,FAIL,"CalcProMaster - 543+ free online calculators",44,139,https://calcpromaster.netlify.app/,"",194,true,false,true,true,true,true,"selfCanonical uniqueH1 content noDuplicateCanonical"
https://calcpromaster.netlify.app/food/macro-split,tool,FAIL,FAIL,"CalcProMaster - 543+ free online calculators",44,139,https://calcpromaster.netlify.app/,"",194,true,false,true,true,true,true,"selfCanonical uniqueH1 content noDuplicateCanonical"
https://calcpromaster.netlify.app/food/protein-need,tool,FAIL,FAIL,"CalcProMaster - 543+ free online calculators",44,139,https://calcpromaster.netlify.app/,"",194,true,false,true,true,true,true,"selfCanonical uniqueH1 content noDuplicateCanonical"
https://calcpromaster.netlify.app/food/daily-water-intake,tool,FAIL,FAIL,"CalcProMaster - 543+ free online calculators",44,139,https://calcpromaster.netlify.app/,"",194,true,false,true,true,true,true,"selfCanonical uniqueH1 content noDuplicateCanonical"
https://calcpromaster.netlify.app/food/weight-loss-time,tool,FAIL,FAIL,"CalcProMaster - 543+ free online calculators",44,139,https://calcpromaster.netlify.app/,"",194,true,false,true,true,true,true,"selfCanonical uniqueH1 content noDuplicateCanonical"
https://calcpromaster.netlify.app/food/body-fat-food,tool,FAIL,FAIL,"CalcProMaster - 543+ free online calculators",44,139,https://calcpromaster.netlify.app/,"",194,true,false,true,true,true,true,"selfCanonical uniqueH1 content noDuplicateCanonical"
https://calcpromaster.netlify.app/food/calorie-burned,tool,FAIL,FAIL,"CalcProMaster - 543+ free online calculators",44,139,https://calcpromaster.netlify.app/,"",194,true,false,true,true,true,true,"selfCanonical uniqueH1 content noDuplicateCanonical"
https://calcpromaster.netlify.app/food/recipe-scaler,tool,FAIL,FAIL,"CalcProMaster - 543+ free online calculators",44,139,https://calcpromaster.netlify.app/,"",194,true,false,true,true,true,true,"selfCanonical uniqueH1 content noDuplicateCanonical"
https://calcpromaster.netlify.app/food/cooking-time,tool,FAIL,FAIL,"CalcProMaster - 543+ free online calculators",44,139,https://calcpromaster.netlify.app/,"",194,true,false,true,true,true,true,"selfCanonical uniqueH1 content noDuplicateCanonical"
https://calcpromaster.netlify.app/food/meal-prep,tool,FAIL,FAIL,"CalcProMaster - 543+ free online calculators",44,139,https://calcpromaster.netlify.app/,"",194,true,false,true,true,true,true,"selfCanonical uniqueH1 content noDuplicateCanonical"
https://calcpromaster.netlify.app/food/unit-converter-food,tool,FAIL,FAIL,"CalcProMaster - 543+ free online calculators",44,139,https://calcpromaster.netlify.app/,"",194,true,false,true,true,true,true,"selfCanonical uniqueH1 content noDuplicateCanonical"
https://calcpromaster.netlify.app/food/eat-out-vs-cook,tool,FAIL,FAIL,"CalcProMaster - 543+ free online calculators",44,139,https://calcpromaster.netlify.app/,"",194,true,false,true,true,true,true,"selfCanonical uniqueH1 content noDuplicateCanonical"
https://calcpromaster.netlify.app/food/fast-food-calories,tool,FAIL,FAIL,"CalcProMaster - 543+ free online calculators",44,139,https://calcpromaster.netlify.app/,"",194,true,false,true,true,true,true,"selfCanonical uniqueH1 content noDuplicateCanonical"
https://calcpromaster.netlify.app/food/keto-macro,tool,FAIL,FAIL,"CalcProMaster - 543+ free online calculators",44,139,https://calcpromaster.netlify.app/,"",194,true,false,true,true,true,true,"selfCanonical uniqueH1 content noDuplicateCanonical"
https://calcpromaster.netlify.app/food/intermittent-fasting,tool,FAIL,FAIL,"CalcProMaster - 543+ free online calculators",44,139,https://calcpromaster.netlify.app/,"",194,true,false,true,true,true,true,"selfCanonical uniqueH1 content noDuplicateCanonical"
https://calcpromaster.netlify.app/food/vegan-protein,tool,FAIL,FAIL,"CalcProMaster - 543+ free online calculators",44,139,https://calcpromaster.netlify.app/,"",194,true,false,true,true,true,true,"selfCanonical uniqueH1 content noDuplicateCanonical"
https://calcpromaster.netlify.app/food/grocery-per-person,tool,FAIL,FAIL,"CalcProMaster - 543+ free online calculators",44,139,https://calcpromaster.netlify.app/,"",194,true,false,true,true,true,true,"selfCanonical uniqueH1 content noDuplicateCanonical"
https://calcpromaster.netlify.app/food/baking-converter,tool,FAIL,FAIL,"CalcProMaster - 543+ free online calculators",44,139,https://calcpromaster.netlify.app/,"",194,true,false,true,true,true,true,"selfCanonical uniqueH1 content noDuplicateCanonical"
https://calcpromaster.netlify.app/food/coffee-cost-per-cup,tool,FAIL,FAIL,"CalcProMaster - 543+ free online calculators",44,139,https://calcpromaster.netlify.app/,"",194,true,false,true,true,true,true,"selfCanonical uniqueH1 content noDuplicateCanonical"
https://calcpromaster.netlify.app/food/tea-vs-coffee,tool,FAIL,FAIL,"CalcProMaster - 543+ free online calculators",44,139,https://calcpromaster.netlify.app/,"",194,true,false,true,true,true,true,"selfCanonical uniqueH1 content noDuplicateCanonical"
https://calcpromaster.netlify.app/food/sugar-intake,tool,FAIL,FAIL,"CalcProMaster - 543+ free online calculators",44,139,https://calcpromaster.netlify.app/,"",194,true,false,true,true,true,true,"selfCanonical uniqueH1 content noDuplicateCanonical"
https://calcpromaster.netlify.app/health,category,FAIL,FAIL,"CalcProMaster - 543+ free online calculators",44,139,https://calcpromaster.netlify.app/,"",194,true,false,true,true,true,true,"selfCanonical uniqueH1 content noDuplicateCanonical"
https://calcpromaster.netlify.app/hub/health,hub,FAIL,FAIL,"CalcProMaster - 543+ free online calculators",44,139,https://calcpromaster.netlify.app/,"",194,true,false,true,true,true,true,"selfCanonical uniqueH1 content noDuplicateCanonical"
https://calcpromaster.netlify.app/health/bmi,tool,FAIL,FAIL,"CalcProMaster - 543+ free online calculators",44,139,https://calcpromaster.netlify.app/,"",194,true,false,true,true,true,true,"selfCanonical uniqueH1 content noDuplicateCanonical"
https://calcpromaster.netlify.app/health/bmr,tool,FAIL,FAIL,"CalcProMaster - 543+ free online calculators",44,139,https://calcpromaster.netlify.app/,"",194,true,false,true,true,true,true,"selfCanonical uniqueH1 content noDuplicateCanonical"
https://calcpromaster.netlify.app/health/calorie,tool,FAIL,FAIL,"CalcProMaster - 543+ free online calculators",44,139,https://calcpromaster.netlify.app/,"",194,true,false,true,true,true,true,"selfCanonical uniqueH1 content noDuplicateCanonical"
https://calcpromaster.netlify.app/health/body-fat,tool,FAIL,FAIL,"CalcProMaster - 543+ free online calculators",44,139,https://calcpromaster.netlify.app/,"",194,true,false,true,true,true,true,"selfCanonical uniqueH1 content noDuplicateCanonical"
https://calcpromaster.netlify.app/health/water-intake-health,tool,FAIL,FAIL,"CalcProMaster - 543+ free online calculators",44,139,https://calcpromaster.netlify.app/,"",194,true,false,true,true,true,true,"selfCanonical uniqueH1 content noDuplicateCanonical"
https://calcpromaster.netlify.app/health/ideal-body-weight,tool,FAIL,FAIL,"CalcProMaster - 543+ free online calculators",44,139,https://calcpromaster.netlify.app/,"",194,true,false,true,true,true,true,"selfCanonical uniqueH1 content noDuplicateCanonical"
https://calcpromaster.netlify.app/health/heart-rate,tool,FAIL,FAIL,"CalcProMaster - 543+ free online calculators",44,139,https://calcpromaster.netlify.app/,"",194,true,false,true,true,true,true,"selfCanonical uniqueH1 content noDuplicateCanonical"
https://calcpromaster.netlify.app/health/pregnancy,tool,FAIL,FAIL,"CalcProMaster - 543+ free online calculators",44,139,https://calcpromaster.netlify.app/,"",194,true,false,true,true,true,true,"selfCanonical uniqueH1 content noDuplicateCanonical"
https://calcpromaster.netlify.app/health/ovulation,tool,FAIL,FAIL,"CalcProMaster - 543+ free online calculators",44,139,https://calcpromaster.netlify.app/,"",194,true,false,true,true,true,true,"selfCanonical uniqueH1 content noDuplicateCanonical"
https://calcpromaster.netlify.app/health/macros,tool,FAIL,FAIL,"CalcProMaster - 543+ free online calculators",44,139,https://calcpromaster.netlify.app/,"",194,true,false,true,true,true,true,"selfCanonical uniqueH1 content noDuplicateCanonical"
https://calcpromaster.netlify.app/health/lean-body-mass,tool,FAIL,FAIL,"CalcProMaster - 543+ free online calculators",44,139,https://calcpromaster.netlify.app/,"",194,true,false,true,true,true,true,"selfCanonical uniqueH1 content noDuplicateCanonical"
https://calcpromaster.netlify.app/health/bsa,tool,FAIL,FAIL,"CalcProMaster - 543+ free online calculators",44,139,https://calcpromaster.netlify.app/,"",194,true,false,true,true,true,true,"selfCanonical uniqueH1 content noDuplicateCanonical"
https://calcpromaster.netlify.app/health/waist-hip,tool,FAIL,FAIL,"CalcProMaster - 543+ free online calculators",44,139,https://calcpromaster.netlify.app/,"",194,true,false,true,true,true,true,"selfCanonical uniqueH1 content noDuplicateCanonical"
https://calcpromaster.netlify.app/health/vo2-max,tool,FAIL,FAIL,"CalcProMaster - 543+ free online calculators",44,139,https://calcpromaster.netlify.app/,"",194,true,false,true,true,true,true,"selfCanonical uniqueH1 content noDuplicateCanonical"
https://calcpromaster.netlify.app/health/pregnancy-weight,tool,FAIL,FAIL,"CalcProMaster - 543+ free online calculators",44,139,https://calcpromaster.netlify.app/,"",194,true,false,true,true,true,true,"selfCanonical uniqueH1 content noDuplicateCanonical"
https://calcpromaster.netlify.app/health/blood-pressure,tool,FAIL,FAIL,"CalcProMaster - 543+ free online calculators",44,139,https://calcpromaster.netlify.app/,"",194,true,false,true,true,true,true,"selfCanonical uniqueH1 content noDuplicateCanonical"
https://calcpromaster.netlify.app/health/calorie-burn,tool,FAIL,FAIL,"CalcProMaster - 543+ free online calculators",44,139,https://calcpromaster.netlify.app/,"",194,true,false,true,true,true,true,"selfCanonical uniqueH1 content noDuplicateCanonical"
https://calcpromaster.netlify.app/health/sleep,tool,FAIL,FAIL,"CalcProMaster - 543+ free online calculators",44,139,https://calcpromaster.netlify.app/,"",194,true,false,true,true,true,true,"selfCanonical uniqueH1 content noDuplicateCanonical"
https://calcpromaster.netlify.app/health/gfr,tool,FAIL,FAIL,"CalcProMaster - 543+ free online calculators",44,139,https://calcpromaster.netlify.app/,"",194,true,false,true,true,true,true,"selfCanonical uniqueH1 content noDuplicateCanonical"
https://calcpromaster.netlify.app/health/target-heart-rate,tool,FAIL,FAIL,"CalcProMaster - 543+ free online calculators",44,139,https://calcpromaster.netlify.app/,"",194,true,false,true,true,true,true,"selfCanonical uniqueH1 content noDuplicateCanonical"
https://calcpromaster.netlify.app/health/sleep-quality,tool,FAIL,FAIL,"CalcProMaster - 543+ free online calculators",44,139,https://calcpromaster.netlify.app/,"",194,true,false,true,true,true,true,"selfCanonical uniqueH1 content noDuplicateCanonical"
https://calcpromaster.netlify.app/health/fatigue-score,tool,FAIL,FAIL,"CalcProMaster - 543+ free online calculators",44,139,https://calcpromaster.netlify.app/,"",194,true,false,true,true,true,true,"selfCanonical uniqueH1 content noDuplicateCanonical"
https://calcpromaster.netlify.app/homegarden,category,FAIL,FAIL,"CalcProMaster - 543+ free online calculators",44,139,https://calcpromaster.netlify.app/,"",194,true,false,true,true,true,true,"selfCanonical uniqueH1 content noDuplicateCanonical"
https://calcpromaster.netlify.app/hub/homegarden,hub,FAIL,FAIL,"CalcProMaster - 543+ free online calculators",44,139,https://calcpromaster.netlify.app/,"",194,true,false,true,true,true,true,"selfCanonical uniqueH1 content noDuplicateCanonical"
https://calcpromaster.netlify.app/homegarden/room-area,tool,FAIL,FAIL,"CalcProMaster - 543+ free online calculators",44,139,https://calcpromaster.netlify.app/,"",194,true,false,true,true,true,true,"selfCanonical uniqueH1 content noDuplicateCanonical"
https://calcpromaster.netlify.app/homegarden/wallpaper-rolls,tool,FAIL,FAIL,"CalcProMaster - 543+ free online calculators",44,139,https://calcpromaster.netlify.app/,"",194,true,false,true,true,true,true,"selfCanonical uniqueH1 content noDuplicateCanonical"
https://calcpromaster.netlify.app/homegarden/fence-material,tool,FAIL,FAIL,"CalcProMaster - 543+ free online calculators",44,139,https://calcpromaster.netlify.app/,"",194,true,false,true,true,true,true,"selfCanonical uniqueH1 content noDuplicateCanonical"
https://calcpromaster.netlify.app/homegarden/deck-stain,tool,FAIL,FAIL,"CalcProMaster - 543+ free online calculators",44,139,https://calcpromaster.netlify.app/,"",194,true,false,true,true,true,true,"selfCanonical uniqueH1 content noDuplicateCanonical"
https://calcpromaster.netlify.app/homegarden/curtain-length,tool,FAIL,FAIL,"CalcProMaster - 543+ free online calculators",44,139,https://calcpromaster.netlify.app/,"",194,true,false,true,true,true,true,"selfCanonical uniqueH1 content noDuplicateCanonical"
https://calcpromaster.netlify.app/homegarden/rug-size,tool,FAIL,FAIL,"CalcProMaster - 543+ free online calculators",44,139,https://calcpromaster.netlify.app/,"",194,true,false,true,true,true,true,"selfCanonical uniqueH1 content noDuplicateCanonical"
https://calcpromaster.netlify.app/homegarden/lighting-rooms,tool,FAIL,FAIL,"CalcProMaster - 543+ free online calculators",44,139,https://calcpromaster.netlify.app/,"",194,true,false,true,true,true,true,"selfCanonical uniqueH1 content noDuplicateCanonical"
https://calcpromaster.netlify.app/homegarden/paint-cost,tool,FAIL,FAIL,"CalcProMaster - 543+ free online calculators",44,139,https://calcpromaster.netlify.app/,"",194,true,false,true,true,true,true,"selfCanonical uniqueH1 content noDuplicateCanonical"
https://calcpromaster.netlify.app/homegarden/ac-size,tool,FAIL,FAIL,"CalcProMaster - 543+ free online calculators",44,139,https://calcpromaster.netlify.app/,"",194,true,false,true,true,true,true,"selfCanonical uniqueH1 content noDuplicateCanonical"
https://calcpromaster.netlify.app/homegarden/water-heater,tool,FAIL,FAIL,"CalcProMaster - 543+ free online calculators",44,139,https://calcpromaster.netlify.app/,"",194,true,false,true,true,true,true,"selfCanonical uniqueH1 content noDuplicateCanonical"
https://calcpromaster.netlify.app/homegarden/generator-size,tool,FAIL,FAIL,"CalcProMaster - 543+ free online calculators",44,139,https://calcpromaster.netlify.app/,"",194,true,false,true,true,true,true,"selfCanonical uniqueH1 content noDuplicateCanonical"
https://calcpromaster.netlify.app/homegarden/garden-soil,tool,FAIL,FAIL,"CalcProMaster - 543+ free online calculators",44,139,https://calcpromaster.netlify.app/,"",194,true,false,true,true,true,true,"selfCanonical uniqueH1 content noDuplicateCanonical"
https://calcpromaster.netlify.app/homegarden/plant-spacing,tool,FAIL,FAIL,"CalcProMaster - 543+ free online calculators",44,139,https://calcpromaster.netlify.app/,"",194,true,false,true,true,true,true,"selfCanonical uniqueH1 content noDuplicateCanonical"
https://calcpromaster.netlify.app/homegarden/grass-seed,tool,FAIL,FAIL,"CalcProMaster - 543+ free online calculators",44,139,https://calcpromaster.netlify.app/,"",194,true,false,true,true,true,true,"selfCanonical uniqueH1 content noDuplicateCanonical"
https://calcpromaster.netlify.app/homegarden/fertilizer,tool,FAIL,FAIL,"CalcProMaster - 543+ free online calculators",44,139,https://calcpromaster.netlify.app/,"",194,true,false,true,true,true,true,"selfCanonical uniqueH1 content noDuplicateCanonical"
https://calcpromaster.netlify.app/homegarden/compost,tool,FAIL,FAIL,"CalcProMaster - 543+ free online calculators",44,139,https://calcpromaster.netlify.app/,"",194,true,false,true,true,true,true,"selfCanonical uniqueH1 content noDuplicateCanonical"
https://calcpromaster.netlify.app/homegarden/rain-barrel,tool,FAIL,FAIL,"CalcProMaster - 543+ free online calculators",44,139,https://calcpromaster.netlify.app/,"",194,true,false,true,true,true,true,"selfCanonical uniqueH1 content noDuplicateCanonical"
https://calcpromaster.netlify.app/homegarden/irrigation-flow,tool,FAIL,FAIL,"CalcProMaster - 543+ free online calculators",44,139,https://calcpromaster.netlify.app/,"",194,true,false,true,true,true,true,"selfCanonical uniqueH1 content noDuplicateCanonical"
https://calcpromaster.netlify.app/homegarden/pool-size,tool,FAIL,FAIL,"CalcProMaster - 543+ free online calculators",44,139,https://calcpromaster.netlify.app/,"",194,true,false,true,true,true,true,"selfCanonical uniqueH1 content noDuplicateCanonical"
https://calcpromaster.netlify.app/homegarden/pool-chemicals,tool,FAIL,FAIL,"CalcProMaster - 543+ free online calculators",44,139,https://calcpromaster.netlify.app/,"",194,true,false,true,true,true,true,"selfCanonical uniqueH1 content noDuplicateCanonical"
https://calcpromaster.netlify.app/homegarden/furniture-arrange,tool,FAIL,FAIL,"CalcProMaster - 543+ free online calculators",44,139,https://calcpromaster.netlify.app/,"",194,true,false,true,true,true,true,"selfCanonical uniqueH1 content noDuplicateCanonical"
https://calcpromaster.netlify.app/homegarden/tv-mount-height,tool,FAIL,FAIL,"CalcProMaster - 543+ free online calculators",44,139,https://calcpromaster.netlify.app/,"",194,true,false,true,true,true,true,"selfCanonical uniqueH1 content noDuplicateCanonical"
https://calcpromaster.netlify.app/homegarden/stair-calculator,tool,FAIL,FAIL,"CalcProMaster - 543+ free online calculators",44,139,https://calcpromaster.netlify.app/,"",194,true,false,true,true,true,true,"selfCanonical uniqueH1 content noDuplicateCanonical"
https://calcpromaster.netlify.app/homegarden/countertop-sqft,tool,FAIL,FAIL,"CalcProMaster - 543+ free online calculators",44,139,https://calcpromaster.netlify.app/,"",194,true,false,true,true,true,true,"selfCanonical uniqueH1 content noDuplicateCanonical"
https://calcpromaster.netlify.app/homegarden/closet-organizer,tool,FAIL,FAIL,"CalcProMaster - 543+ free online calculators",44,139,https://calcpromaster.netlify.app/,"",194,true,false,true,true,true,true,"selfCanonical uniqueH1 content noDuplicateCanonical"
https://calcpromaster.netlify.app/homegarden/cabinet-door,tool,FAIL,FAIL,"CalcProMaster - 543+ free online calculators",44,139,https://calcpromaster.netlify.app/,"",194,true,false,true,true,true,true,"selfCanonical uniqueH1 content noDuplicateCanonical"
https://calcpromaster.netlify.app/homegarden/tile-grout,tool,FAIL,FAIL,"CalcProMaster - 543+ free online calculators",44,139,https://calcpromaster.netlify.app/,"",194,true,false,true,true,true,true,"selfCanonical uniqueH1 content noDuplicateCanonical"
https://calcpromaster.netlify.app/homegarden/light-bulb-save,tool,FAIL,FAIL,"CalcProMaster - 543+ free online calculators",44,139,https://calcpromaster.netlify.app/,"",194,true,false,true,true,true,true,"selfCanonical uniqueH1 content noDuplicateCanonical"
https://calcpromaster.netlify.app/homegarden/home-sqft,tool,FAIL,FAIL,"CalcProMaster - 543+ free online calculators",44,139,https://calcpromaster.netlify.app/,"",194,true,false,true,true,true,true,"selfCanonical uniqueH1 content noDuplicateCanonical"
https://calcpromaster.netlify.app/homegarden/kitchen-remodel,tool,FAIL,FAIL,"CalcProMaster - 543+ free online calculators",44,139,https://calcpromaster.netlify.app/,"",194,true,false,true,true,true,true,"selfCanonical uniqueH1 content noDuplicateCanonical"
https://calcpromaster.netlify.app/homegarden/roof-sqft,tool,FAIL,FAIL,"CalcProMaster - 543+ free online calculators",44,139,https://calcpromaster.netlify.app/,"",194,true,false,true,true,true,true,"selfCanonical uniqueH1 content noDuplicateCanonical"
https://calcpromaster.netlify.app/homegarden/vinyl-flooring,tool,FAIL,FAIL,"CalcProMaster - 543+ free online calculators",44,139,https://calcpromaster.netlify.app/,"",194,true,false,true,true,true,true,"selfCanonical uniqueH1 content noDuplicateCanonical"
https://calcpromaster.netlify.app/homegarden/solar-panel,tool,FAIL,FAIL,"CalcProMaster - 543+ free online calculators",44,139,https://calcpromaster.netlify.app/,"",194,true,false,true,true,true,true,"selfCanonical uniqueH1 content noDuplicateCanonical"
https://calcpromaster.netlify.app/homegarden/solar-battery,tool,FAIL,FAIL,"CalcProMaster - 543+ free online calculators",44,139,https://calcpromaster.netlify.app/,"",194,true,false,true,true,true,true,"selfCanonical uniqueH1 content noDuplicateCanonical"
https://calcpromaster.netlify.app/homegarden/ev-charger-home,tool,FAIL,FAIL,"CalcProMaster - 543+ free online calculators",44,139,https://calcpromaster.netlify.app/,"",194,true,false,true,true,true,true,"selfCanonical uniqueH1 content noDuplicateCanonical"
https://calcpromaster.netlify.app/lifestyle,category,FAIL,FAIL,"CalcProMaster - 543+ free online calculators",44,139,https://calcpromaster.netlify.app/,"",194,true,false,true,true,true,true,"selfCanonical uniqueH1 content noDuplicateCanonical"
https://calcpromaster.netlify.app/hub/lifestyle,hub,FAIL,FAIL,"CalcProMaster - 543+ free online calculators",44,139,https://calcpromaster.netlify.app/,"",194,true,false,true,true,true,true,"selfCanonical uniqueH1 content noDuplicateCanonical"
https://calcpromaster.netlify.app/lifestyle/relocation-cost,tool,FAIL,FAIL,"CalcProMaster - 543+ free online calculators",44,139,https://calcpromaster.netlify.app/,"",194,true,false,true,true,true,true,"selfCanonical uniqueH1 content noDuplicateCanonical"
https://calcpromaster.netlify.app/lifestyle/rental-deposit,tool,FAIL,FAIL,"CalcProMaster - 543+ free online calculators",44,139,https://calcpromaster.netlify.app/,"",194,true,false,true,true,true,true,"selfCanonical uniqueH1 content noDuplicateCanonical"
https://calcpromaster.netlify.app/lifestyle/paint-coverage,tool,FAIL,FAIL,"CalcProMaster - 543+ free online calculators",44,139,https://calcpromaster.netlify.app/,"",194,true,false,true,true,true,true,"selfCanonical uniqueH1 content noDuplicateCanonical"
https://calcpromaster.netlify.app/lifestyle/electricity-bill-saving,tool,FAIL,FAIL,"CalcProMaster - 543+ free online calculators",44,139,https://calcpromaster.netlify.app/,"",194,true,false,true,true,true,true,"selfCanonical uniqueH1 content noDuplicateCanonical"
https://calcpromaster.netlify.app/lifestyle/water-usage,tool,FAIL,FAIL,"CalcProMaster - 543+ free online calculators",44,139,https://calcpromaster.netlify.app/,"",194,true,false,true,true,true,true,"selfCanonical uniqueH1 content noDuplicateCanonical"
https://calcpromaster.netlify.app/lifestyle/grocery-budget-optimizer,tool,FAIL,FAIL,"CalcProMaster - 543+ free online calculators",44,139,https://calcpromaster.netlify.app/,"",194,true,false,true,true,true,true,"selfCanonical uniqueH1 content noDuplicateCanonical"
https://calcpromaster.netlify.app/lifestyle/food-delivery-vs-cooking,tool,FAIL,FAIL,"CalcProMaster - 543+ free online calculators",44,139,https://calcpromaster.netlify.app/,"",194,true,false,true,true,true,true,"selfCanonical uniqueH1 content noDuplicateCanonical"
https://calcpromaster.netlify.app/lifestyle/coffee-habit,tool,FAIL,FAIL,"CalcProMaster - 543+ free online calculators",44,139,https://calcpromaster.netlify.app/,"",194,true,false,true,true,true,true,"selfCanonical uniqueH1 content noDuplicateCanonical"
https://calcpromaster.netlify.app/lifestyle/road-trip-cost,tool,FAIL,FAIL,"CalcProMaster - 543+ free online calculators",44,139,https://calcpromaster.netlify.app/,"",194,true,false,true,true,true,true,"selfCanonical uniqueH1 content noDuplicateCanonical"
https://calcpromaster.netlify.app/lifestyle/flight-cost-per-hour,tool,FAIL,FAIL,"CalcProMaster - 543+ free online calculators",44,139,https://calcpromaster.netlify.app/,"",194,true,false,true,true,true,true,"selfCanonical uniqueH1 content noDuplicateCanonical"
https://calcpromaster.netlify.app/lifestyle/baby-cost,tool,FAIL,FAIL,"CalcProMaster - 543+ free online calculators",44,139,https://calcpromaster.netlify.app/,"",194,true,false,true,true,true,true,"selfCanonical uniqueH1 content noDuplicateCanonical"
https://calcpromaster.netlify.app/lifestyle/parental-leave,tool,FAIL,FAIL,"CalcProMaster - 543+ free online calculators",44,139,https://calcpromaster.netlify.app/,"",194,true,false,true,true,true,true,"selfCanonical uniqueH1 content noDuplicateCanonical"
https://calcpromaster.netlify.app/lifestyle/pet-cost,tool,FAIL,FAIL,"CalcProMaster - 543+ free online calculators",44,139,https://calcpromaster.netlify.app/,"",194,true,false,true,true,true,true,"selfCanonical uniqueH1 content noDuplicateCanonical"
https://calcpromaster.netlify.app/lifestyle/lawn-mowing,tool,FAIL,FAIL,"CalcProMaster - 543+ free online calculators",44,139,https://calcpromaster.netlify.app/,"",194,true,false,true,true,true,true,"selfCanonical uniqueH1 content noDuplicateCanonical"
https://calcpromaster.netlify.app/lifestyle/gym-cost-per-visit,tool,FAIL,FAIL,"CalcProMaster - 543+ free online calculators",44,139,https://calcpromaster.netlify.app/,"",194,true,false,true,true,true,true,"selfCanonical uniqueH1 content noDuplicateCanonical"
https://calcpromaster.netlify.app/lifestyle/vacation-savings,tool,FAIL,FAIL,"CalcProMaster - 543+ free online calculators",44,139,https://calcpromaster.netlify.app/,"",194,true,false,true,true,true,true,"selfCanonical uniqueH1 content noDuplicateCanonical"
https://calcpromaster.netlify.app/lifestyle/sale-savings,tool,FAIL,FAIL,"CalcProMaster - 543+ free online calculators",44,139,https://calcpromaster.netlify.app/,"",194,true,false,true,true,true,true,"selfCanonical uniqueH1 content noDuplicateCanonical"
https://calcpromaster.netlify.app/lifestyle/resell-value,tool,FAIL,FAIL,"CalcProMaster - 543+ free online calculators",44,139,https://calcpromaster.netlify.app/,"",194,true,false,true,true,true,true,"selfCanonical uniqueH1 content noDuplicateCanonical"
https://calcpromaster.netlify.app/lifestyle/subscription-audit,tool,FAIL,FAIL,"CalcProMaster - 543+ free online calculators",44,139,https://calcpromaster.netlify.app/,"",194,true,false,true,true,true,true,"selfCanonical uniqueH1 content noDuplicateCanonical"
https://calcpromaster.netlify.app/lifestyle/streaming-value,tool,FAIL,FAIL,"CalcProMaster - 543+ free online calculators",44,139,https://calcpromaster.netlify.app/,"",194,true,false,true,true,true,true,"selfCanonical uniqueH1 content noDuplicateCanonical"
https://calcpromaster.netlify.app/lifestyle/charging-time,tool,FAIL,FAIL,"CalcProMaster - 543+ free online calculators",44,139,https://calcpromaster.netlify.app/,"",194,true,false,true,true,true,true,"selfCanonical uniqueH1 content noDuplicateCanonical"
https://calcpromaster.netlify.app/lifestyle/gift-split,tool,FAIL,FAIL,"CalcProMaster - 543+ free online calculators",44,139,https://calcpromaster.netlify.app/,"",194,true,false,true,true,true,true,"selfCanonical uniqueH1 content noDuplicateCanonical"
https://calcpromaster.netlify.app/lifestyle/hourly-annual-salary,tool,FAIL,FAIL,"CalcProMaster - 543+ free online calculators",44,139,https://calcpromaster.netlify.app/,"",194,true,false,true,true,true,true,"selfCanonical uniqueH1 content noDuplicateCanonical"
https://calcpromaster.netlify.app/lifestyle/pet-food-cost,tool,FAIL,FAIL,"CalcProMaster - 543+ free online calculators",44,139,https://calcpromaster.netlify.app/,"",194,true,false,true,true,true,true,"selfCanonical uniqueH1 content noDuplicateCanonical"
https://calcpromaster.netlify.app/lifestyle/cleaning-time,tool,FAIL,FAIL,"CalcProMaster - 543+ free online calculators",44,139,https://calcpromaster.netlify.app/,"",194,true,false,true,true,true,true,"selfCanonical uniqueH1 content noDuplicateCanonical"
https://calcpromaster.netlify.app/math,category,FAIL,FAIL,"CalcProMaster - 543+ free online calculators",44,139,https://calcpromaster.netlify.app/,"",194,true,false,true,true,true,true,"selfCanonical uniqueH1 content noDuplicateCanonical"
https://calcpromaster.netlify.app/hub/math,hub,FAIL,FAIL,"CalcProMaster - 543+ free online calculators",44,139,https://calcpromaster.netlify.app/,"",194,true,false,true,true,true,true,"selfCanonical uniqueH1 content noDuplicateCanonical"
https://calcpromaster.netlify.app/math/scientific,tool,FAIL,FAIL,"CalcProMaster - 543+ free online calculators",44,139,https://calcpromaster.netlify.app/,"",194,true,false,true,true,true,true,"selfCanonical uniqueH1 content noDuplicateCanonical"
https://calcpromaster.netlify.app/math/quadratic,tool,FAIL,FAIL,"CalcProMaster - 543+ free online calculators",44,139,https://calcpromaster.netlify.app/,"",194,true,false,true,true,true,true,"selfCanonical uniqueH1 content noDuplicateCanonical"
https://calcpromaster.netlify.app/math/percentage,tool,FAIL,FAIL,"CalcProMaster - 543+ free online calculators",44,139,https://calcpromaster.netlify.app/,"",194,true,false,true,true,true,true,"selfCanonical uniqueH1 content noDuplicateCanonical"
https://calcpromaster.netlify.app/math/percent-change,tool,FAIL,FAIL,"CalcProMaster - 543+ free online calculators",44,139,https://calcpromaster.netlify.app/,"",194,true,false,true,true,true,true,"selfCanonical uniqueH1 content noDuplicateCanonical"
https://calcpromaster.netlify.app/math/fraction,tool,FAIL,FAIL,"CalcProMaster - 543+ free online calculators",44,139,https://calcpromaster.netlify.app/,"",194,true,false,true,true,true,true,"selfCanonical uniqueH1 content noDuplicateCanonical"
https://calcpromaster.netlify.app/math/triangle,tool,FAIL,FAIL,"CalcProMaster - 543+ free online calculators",44,139,https://calcpromaster.netlify.app/,"",194,true,false,true,true,true,true,"selfCanonical uniqueH1 content noDuplicateCanonical"
https://calcpromaster.netlify.app/math/circle,tool,FAIL,FAIL,"CalcProMaster - 543+ free online calculators",44,139,https://calcpromaster.netlify.app/,"",194,true,false,true,true,true,true,"selfCanonical uniqueH1 content noDuplicateCanonical"
https://calcpromaster.netlify.app/math/statistics,tool,FAIL,FAIL,"CalcProMaster - 543+ free online calculators",44,139,https://calcpromaster.netlify.app/,"",194,true,false,true,true,true,true,"selfCanonical uniqueH1 content noDuplicateCanonical"
https://calcpromaster.netlify.app/math/combinations,tool,FAIL,FAIL,"CalcProMaster - 543+ free online calculators",44,139,https://calcpromaster.netlify.app/,"",194,true,false,true,true,true,true,"selfCanonical uniqueH1 content noDuplicateCanonical"
https://calcpromaster.netlify.app/math/lcm-gcd,tool,FAIL,FAIL,"CalcProMaster - 543+ free online calculators",44,139,https://calcpromaster.netlify.app/,"",194,true,false,true,true,true,true,"selfCanonical uniqueH1 content noDuplicateCanonical"
https://calcpromaster.netlify.app/math/prime-factor,tool,FAIL,FAIL,"CalcProMaster - 543+ free online calculators",44,139,https://calcpromaster.netlify.app/,"",194,true,false,true,true,true,true,"selfCanonical uniqueH1 content noDuplicateCanonical"
https://calcpromaster.netlify.app/math/matrix-det,tool,FAIL,FAIL,"CalcProMaster - 543+ free online calculators",44,139,https://calcpromaster.netlify.app/,"",194,true,false,true,true,true,true,"selfCanonical uniqueH1 content noDuplicateCanonical"
https://calcpromaster.netlify.app/math/logarithm,tool,FAIL,FAIL,"CalcProMaster - 543+ free online calculators",44,139,https://calcpromaster.netlify.app/,"",194,true,false,true,true,true,true,"selfCanonical uniqueH1 content noDuplicateCanonical"
https://calcpromaster.netlify.app/math/exponent,tool,FAIL,FAIL,"CalcProMaster - 543+ free online calculators",44,139,https://calcpromaster.netlify.app/,"",194,true,false,true,true,true,true,"selfCanonical uniqueH1 content noDuplicateCanonical"
https://calcpromaster.netlify.app/math/root,tool,FAIL,FAIL,"CalcProMaster - 543+ free online calculators",44,139,https://calcpromaster.netlify.app/,"",194,true,false,true,true,true,true,"selfCanonical uniqueH1 content noDuplicateCanonical"
https://calcpromaster.netlify.app/math/ratio,tool,FAIL,FAIL,"CalcProMaster - 543+ free online calculators",44,139,https://calcpromaster.netlify.app/,"",194,true,false,true,true,true,true,"selfCanonical uniqueH1 content noDuplicateCanonical"
https://calcpromaster.netlify.app/math/average,tool,FAIL,FAIL,"CalcProMaster - 543+ free online calculators",44,139,https://calcpromaster.netlify.app/,"",194,true,false,true,true,true,true,"selfCanonical uniqueH1 content noDuplicateCanonical"
https://calcpromaster.netlify.app/math/pythagorean,tool,FAIL,FAIL,"CalcProMaster - 543+ free online calculators",44,139,https://calcpromaster.netlify.app/,"",194,true,false,true,true,true,true,"selfCanonical uniqueH1 content noDuplicateCanonical"
https://calcpromaster.netlify.app/math/trigonometry,tool,FAIL,FAIL,"CalcProMaster - 543+ free online calculators",44,139,https://calcpromaster.netlify.app/,"",194,true,false,true,true,true,true,"selfCanonical uniqueH1 content noDuplicateCanonical"
https://calcpromaster.netlify.app/math/distance,tool,FAIL,FAIL,"CalcProMaster - 543+ free online calculators",44,139,https://calcpromaster.netlify.app/,"",194,true,false,true,true,true,true,"selfCanonical uniqueH1 content noDuplicateCanonical"
https://calcpromaster.netlify.app/math/slope,tool,FAIL,FAIL,"CalcProMaster - 543+ free online calculators",44,139,https://calcpromaster.netlify.app/,"",194,true,false,true,true,true,true,"selfCanonical uniqueH1 content noDuplicateCanonical"
https://calcpromaster.netlify.app/math/factorial,tool,FAIL,FAIL,"CalcProMaster - 543+ free online calculators",44,139,https://calcpromaster.netlify.app/,"",194,true,false,true,true,true,true,"selfCanonical uniqueH1 content noDuplicateCanonical"
https://calcpromaster.netlify.app/math/modular,tool,FAIL,FAIL,"CalcProMaster - 543+ free online calculators",44,139,https://calcpromaster.netlify.app/,"",194,true,false,true,true,true,true,"selfCanonical uniqueH1 content noDuplicateCanonical"
https://calcpromaster.netlify.app/math/complex,tool,FAIL,FAIL,"CalcProMaster - 543+ free online calculators",44,139,https://calcpromaster.netlify.app/,"",194,true,false,true,true,true,true,"selfCanonical uniqueH1 content noDuplicateCanonical"
https://calcpromaster.netlify.app/math/scientific-notation,tool,FAIL,FAIL,"CalcProMaster - 543+ free online calculators",44,139,https://calcpromaster.netlify.app/,"",194,true,false,true,true,true,true,"selfCanonical uniqueH1 content noDuplicateCanonical"
https://calcpromaster.netlify.app/math/random-generator,tool,FAIL,FAIL,"CalcProMaster - 543+ free online calculators",44,139,https://calcpromaster.netlify.app/,"",194,true,false,true,true,true,true,"selfCanonical uniqueH1 content noDuplicateCanonical"
https://calcpromaster.netlify.app/family,category,FAIL,FAIL,"CalcProMaster - 543+ free online calculators",44,139,https://calcpromaster.netlify.app/,"",194,true,false,true,true,true,true,"selfCanonical uniqueH1 content noDuplicateCanonical"
https://calcpromaster.netlify.app/hub/family,hub,FAIL,FAIL,"CalcProMaster - 543+ free online calculators",44,139,https://calcpromaster.netlify.app/,"",194,true,false,true,true,true,true,"selfCanonical uniqueH1 content noDuplicateCanonical"
https://calcpromaster.netlify.app/family/baby-weight-gain,tool,FAIL,FAIL,"CalcProMaster - 543+ free online calculators",44,139,https://calcpromaster.netlify.app/,"",194,true,false,true,true,true,true,"selfCanonical uniqueH1 content noDuplicateCanonical"
https://calcpromaster.netlify.app/family/baby-feeding,tool,FAIL,FAIL,"CalcProMaster - 543+ free online calculators",44,139,https://calcpromaster.netlify.app/,"",194,true,false,true,true,true,true,"selfCanonical uniqueH1 content noDuplicateCanonical"
https://calcpromaster.netlify.app/family/baby-sleep,tool,FAIL,FAIL,"CalcProMaster - 543+ free online calculators",44,139,https://calcpromaster.netlify.app/,"",194,true,false,true,true,true,true,"selfCanonical uniqueH1 content noDuplicateCanonical"
https://calcpromaster.netlify.app/family/child-height,tool,FAIL,FAIL,"CalcProMaster - 543+ free online calculators",44,139,https://calcpromaster.netlify.app/,"",194,true,false,true,true,true,true,"selfCanonical uniqueH1 content noDuplicateCanonical"
https://calcpromaster.netlify.app/family/toddler-screen,tool,FAIL,FAIL,"CalcProMaster - 543+ free online calculators",44,139,https://calcpromaster.netlify.app/,"",194,true,false,true,true,true,true,"selfCanonical uniqueH1 content noDuplicateCanonical"
https://calcpromaster.netlify.app/family/child-bmi,tool,FAIL,FAIL,"CalcProMaster - 543+ free online calculators",44,139,https://calcpromaster.netlify.app/,"",194,true,false,true,true,true,true,"selfCanonical uniqueH1 content noDuplicateCanonical"
https://calcpromaster.netlify.app/family/family-budget,tool,FAIL,FAIL,"CalcProMaster - 543+ free online calculators",44,139,https://calcpromaster.netlify.app/,"",194,true,false,true,true,true,true,"selfCanonical uniqueH1 content noDuplicateCanonical"
https://calcpromaster.netlify.app/family/childcare-cost,tool,FAIL,FAIL,"CalcProMaster - 543+ free online calculators",44,139,https://calcpromaster.netlify.app/,"",194,true,false,true,true,true,true,"selfCanonical uniqueH1 content noDuplicateCanonical"
https://calcpromaster.netlify.app/family/college-savings,tool,FAIL,FAIL,"CalcProMaster - 543+ free online calculators",44,139,https://calcpromaster.netlify.app/,"",194,true,false,true,true,true,true,"selfCanonical uniqueH1 content noDuplicateCanonical"
https://calcpromaster.netlify.app/family/maternity-leave,tool,FAIL,FAIL,"CalcProMaster - 543+ free online calculators",44,139,https://calcpromaster.netlify.app/,"",194,true,false,true,true,true,true,"selfCanonical uniqueH1 content noDuplicateCanonical"
https://calcpromaster.netlify.app/family/life-insurance,tool,FAIL,FAIL,"CalcProMaster - 543+ free online calculators",44,139,https://calcpromaster.netlify.app/,"",194,true,false,true,true,true,true,"selfCanonical uniqueH1 content noDuplicateCanonical"
https://calcpromaster.netlify.app/family/home-buying,tool,FAIL,FAIL,"CalcProMaster - 543+ free online calculators",44,139,https://calcpromaster.netlify.app/,"",194,true,false,true,true,true,true,"selfCanonical uniqueH1 content noDuplicateCanonical"
https://calcpromaster.netlify.app/family/wedding-budget,tool,FAIL,FAIL,"CalcProMaster - 543+ free online calculators",44,139,https://calcpromaster.netlify.app/,"",194,true,false,true,true,true,true,"selfCanonical uniqueH1 content noDuplicateCanonical"
https://calcpromaster.netlify.app/family/baby-name,tool,FAIL,FAIL,"CalcProMaster - 543+ free online calculators",44,139,https://calcpromaster.netlify.app/,"",194,true,false,true,true,true,true,"selfCanonical uniqueH1 content noDuplicateCanonical"
https://calcpromaster.netlify.app/family/college-savings-monthly,tool,FAIL,FAIL,"CalcProMaster - 543+ free online calculators",44,139,https://calcpromaster.netlify.app/,"",194,true,false,true,true,true,true,"selfCanonical uniqueH1 content noDuplicateCanonical"
https://calcpromaster.netlify.app/family/childcare-cost-annual,tool,FAIL,FAIL,"CalcProMaster - 543+ free online calculators",44,139,https://calcpromaster.netlify.app/,"",194,true,false,true,true,true,true,"selfCanonical uniqueH1 content noDuplicateCanonical"
https://calcpromaster.netlify.app/family/family-budget-simple,tool,FAIL,FAIL,"CalcProMaster - 543+ free online calculators",44,139,https://calcpromaster.netlify.app/,"",194,true,false,true,true,true,true,"selfCanonical uniqueH1 content noDuplicateCanonical"
https://calcpromaster.netlify.app/family/maternity-leave-finance,tool,FAIL,FAIL,"CalcProMaster - 543+ free online calculators",44,139,https://calcpromaster.netlify.app/,"",194,true,false,true,true,true,true,"selfCanonical uniqueH1 content noDuplicateCanonical"
https://calcpromaster.netlify.app/family/paternity-leave,tool,FAIL,FAIL,"CalcProMaster - 543+ free online calculators",44,139,https://calcpromaster.netlify.app/,"",194,true,false,true,true,true,true,"selfCanonical uniqueH1 content noDuplicateCanonical"
https://calcpromaster.netlify.app/family/kid-allowance,tool,FAIL,FAIL,"CalcProMaster - 543+ free online calculators",44,139,https://calcpromaster.netlify.app/,"",194,true,false,true,true,true,true,"selfCanonical uniqueH1 content noDuplicateCanonical"
https://calcpromaster.netlify.app/family/babysitter-rate,tool,FAIL,FAIL,"CalcProMaster - 543+ free online calculators",44,139,https://calcpromaster.netlify.app/,"",194,true,false,true,true,true,true,"selfCanonical uniqueH1 content noDuplicateCanonical"
https://calcpromaster.netlify.app/family/screen-time,tool,FAIL,FAIL,"CalcProMaster - 543+ free online calculators",44,139,https://calcpromaster.netlify.app/,"",194,true,false,true,true,true,true,"selfCanonical uniqueH1 content noDuplicateCanonical"
https://calcpromaster.netlify.app/family/diaper-cost,tool,FAIL,FAIL,"CalcProMaster - 543+ free online calculators",44,139,https://calcpromaster.netlify.app/,"",194,true,false,true,true,true,true,"selfCanonical uniqueH1 content noDuplicateCanonical"
https://calcpromaster.netlify.app/family/vacation-with-kids,tool,FAIL,FAIL,"CalcProMaster - 543+ free online calculators",44,139,https://calcpromaster.netlify.app/,"",194,true,false,true,true,true,true,"selfCanonical uniqueH1 content noDuplicateCanonical"
https://calcpromaster.netlify.app/regional,category,FAIL,FAIL,"CalcProMaster - 543+ free online calculators",44,139,https://calcpromaster.netlify.app/,"",194,true,false,true,true,true,true,"selfCanonical uniqueH1 content noDuplicateCanonical"
https://calcpromaster.netlify.app/hub/regional,hub,FAIL,FAIL,"CalcProMaster - 543+ free online calculators",44,139,https://calcpromaster.netlify.app/,"",194,true,false,true,true,true,true,"selfCanonical uniqueH1 content noDuplicateCanonical"
https://calcpromaster.netlify.app/regional/fd-calculator,tool,FAIL,FAIL,"CalcProMaster - 543+ free online calculators",44,139,https://calcpromaster.netlify.app/,"",194,true,false,true,true,true,true,"selfCanonical uniqueH1 content noDuplicateCanonical"
https://calcpromaster.netlify.app/regional/rd-calculator,tool,FAIL,FAIL,"CalcProMaster - 543+ free online calculators",44,139,https://calcpromaster.netlify.app/,"",194,true,false,true,true,true,true,"selfCanonical uniqueH1 content noDuplicateCanonical"
https://calcpromaster.netlify.app/regional/ppf-calculator,tool,FAIL,FAIL,"CalcProMaster - 543+ free online calculators",44,139,https://calcpromaster.netlify.app/,"",194,true,false,true,true,true,true,"selfCanonical uniqueH1 content noDuplicateCanonical"
https://calcpromaster.netlify.app/regional/nps-calculator,tool,FAIL,FAIL,"CalcProMaster - 543+ free online calculators",44,139,https://calcpromaster.netlify.app/,"",194,true,false,true,true,true,true,"selfCanonical uniqueH1 content noDuplicateCanonical"
https://calcpromaster.netlify.app/regional/sip-return,tool,FAIL,FAIL,"CalcProMaster - 543+ free online calculators",44,139,https://calcpromaster.netlify.app/,"",194,true,false,true,true,true,true,"selfCanonical uniqueH1 content noDuplicateCanonical"
https://calcpromaster.netlify.app/regional/income-tax-india,tool,FAIL,FAIL,"CalcProMaster - 543+ free online calculators",44,139,https://calcpromaster.netlify.app/,"",194,true,false,true,true,true,true,"selfCanonical uniqueH1 content noDuplicateCanonical"
https://calcpromaster.netlify.app/regional/gst-india,tool,FAIL,FAIL,"CalcProMaster - 543+ free online calculators",44,139,https://calcpromaster.netlify.app/,"",194,true,false,true,true,true,true,"selfCanonical uniqueH1 content noDuplicateCanonical"
https://calcpromaster.netlify.app/regional/stamp-duty,tool,FAIL,FAIL,"CalcProMaster - 543+ free online calculators",44,139,https://calcpromaster.netlify.app/,"",194,true,false,true,true,true,true,"selfCanonical uniqueH1 content noDuplicateCanonical"
https://calcpromaster.netlify.app/regional/home-loan-emi-india,tool,FAIL,FAIL,"CalcProMaster - 543+ free online calculators",44,139,https://calcpromaster.netlify.app/,"",194,true,false,true,true,true,true,"selfCanonical uniqueH1 content noDuplicateCanonical"
https://calcpromaster.netlify.app/regional/gold-rate,tool,FAIL,FAIL,"CalcProMaster - 543+ free online calculators",44,139,https://calcpromaster.netlify.app/,"",194,true,false,true,true,true,true,"selfCanonical uniqueH1 content noDuplicateCanonical"
https://calcpromaster.netlify.app/regional/pk-salary,tool,FAIL,FAIL,"CalcProMaster - 543+ free online calculators",44,139,https://calcpromaster.netlify.app/,"",194,true,false,true,true,true,true,"selfCanonical uniqueH1 content noDuplicateCanonical"
https://calcpromaster.netlify.app/regional/gold-rate-pk,tool,FAIL,FAIL,"CalcProMaster - 543+ free online calculators",44,139,https://calcpromaster.netlify.app/,"",194,true,false,true,true,true,true,"selfCanonical uniqueH1 content noDuplicateCanonical"
https://calcpromaster.netlify.app/regional/rickshaw-fare,tool,FAIL,FAIL,"CalcProMaster - 543+ free online calculators",44,139,https://calcpromaster.netlify.app/,"",194,true,false,true,true,true,true,"selfCanonical uniqueH1 content noDuplicateCanonical"
https://calcpromaster.netlify.app/regional/electricity-bill-india,tool,FAIL,FAIL,"CalcProMaster - 543+ free online calculators",44,139,https://calcpromaster.netlify.app/,"",194,true,false,true,true,true,true,"selfCanonical uniqueH1 content noDuplicateCanonical"
https://calcpromaster.netlify.app/regional/lpg-cost,tool,FAIL,FAIL,"CalcProMaster - 543+ free online calculators",44,139,https://calcpromaster.netlify.app/,"",194,true,false,true,true,true,true,"selfCanonical uniqueH1 content noDuplicateCanonical"
https://calcpromaster.netlify.app/regional/wedding-budget-shaadi,tool,FAIL,FAIL,"CalcProMaster - 543+ free online calculators",44,139,https://calcpromaster.netlify.app/,"",194,true,false,true,true,true,true,"selfCanonical uniqueH1 content noDuplicateCanonical"
https://calcpromaster.netlify.app/regional/dubai-salary,tool,FAIL,FAIL,"CalcProMaster - 543+ free online calculators",44,139,https://calcpromaster.netlify.app/,"",194,true,false,true,true,true,true,"selfCanonical uniqueH1 content noDuplicateCanonical"
https://calcpromaster.netlify.app/regional/gold-silver,tool,FAIL,FAIL,"CalcProMaster - 543+ free online calculators",44,139,https://calcpromaster.netlify.app/,"",194,true,false,true,true,true,true,"selfCanonical uniqueH1 content noDuplicateCanonical"
https://calcpromaster.netlify.app/regional/chit-fund,tool,FAIL,FAIL,"CalcProMaster - 543+ free online calculators",44,139,https://calcpromaster.netlify.app/,"",194,true,false,true,true,true,true,"selfCanonical uniqueH1 content noDuplicateCanonical"
https://calcpromaster.netlify.app/regional/gratuity,tool,FAIL,FAIL,"CalcProMaster - 543+ free online calculators",44,139,https://calcpromaster.netlify.app/,"",194,true,false,true,true,true,true,"selfCanonical uniqueH1 content noDuplicateCanonical"
https://calcpromaster.netlify.app/regional/leave-encashment,tool,FAIL,FAIL,"CalcProMaster - 543+ free online calculators",44,139,https://calcpromaster.netlify.app/,"",194,true,false,true,true,true,true,"selfCanonical uniqueH1 content noDuplicateCanonical"
https://calcpromaster.netlify.app/science,category,FAIL,FAIL,"CalcProMaster - 543+ free online calculators",44,139,https://calcpromaster.netlify.app/,"",194,true,false,true,true,true,true,"selfCanonical uniqueH1 content noDuplicateCanonical"
https://calcpromaster.netlify.app/hub/science,hub,FAIL,FAIL,"CalcProMaster - 543+ free online calculators",44,139,https://calcpromaster.netlify.app/,"",194,true,false,true,true,true,true,"selfCanonical uniqueH1 content noDuplicateCanonical"
https://calcpromaster.netlify.app/science/ohms-law,tool,FAIL,FAIL,"CalcProMaster - 543+ free online calculators",44,139,https://calcpromaster.netlify.app/,"",194,true,false,true,true,true,true,"selfCanonical uniqueH1 content noDuplicateCanonical"
https://calcpromaster.netlify.app/science/density,tool,FAIL,FAIL,"CalcProMaster - 543+ free online calculators",44,139,https://calcpromaster.netlify.app/,"",194,true,false,true,true,true,true,"selfCanonical uniqueH1 content noDuplicateCanonical"
https://calcpromaster.netlify.app/science/force,tool,FAIL,FAIL,"CalcProMaster - 543+ free online calculators",44,139,https://calcpromaster.netlify.app/,"",194,true,false,true,true,true,true,"selfCanonical uniqueH1 content noDuplicateCanonical"
https://calcpromaster.netlify.app/science/pressure,tool,FAIL,FAIL,"CalcProMaster - 543+ free online calculators",44,139,https://calcpromaster.netlify.app/,"",194,true,false,true,true,true,true,"selfCanonical uniqueH1 content noDuplicateCanonical"
https://calcpromaster.netlify.app/science/kinetic-energy,tool,FAIL,FAIL,"CalcProMaster - 543+ free online calculators",44,139,https://calcpromaster.netlify.app/,"",194,true,false,true,true,true,true,"selfCanonical uniqueH1 content noDuplicateCanonical"
https://calcpromaster.netlify.app/science/potential-energy,tool,FAIL,FAIL,"CalcProMaster - 543+ free online calculators",44,139,https://calcpromaster.netlify.app/,"",194,true,false,true,true,true,true,"selfCanonical uniqueH1 content noDuplicateCanonical"
https://calcpromaster.netlify.app/science/ph,tool,FAIL,FAIL,"CalcProMaster - 543+ free online calculators",44,139,https://calcpromaster.netlify.app/,"",194,true,false,true,true,true,true,"selfCanonical uniqueH1 content noDuplicateCanonical"
https://calcpromaster.netlify.app/science/ideal-gas,tool,FAIL,FAIL,"CalcProMaster - 543+ free online calculators",44,139,https://calcpromaster.netlify.app/,"",194,true,false,true,true,true,true,"selfCanonical uniqueH1 content noDuplicateCanonical"
https://calcpromaster.netlify.app/science/momentum,tool,FAIL,FAIL,"CalcProMaster - 543+ free online calculators",44,139,https://calcpromaster.netlify.app/,"",194,true,false,true,true,true,true,"selfCanonical uniqueH1 content noDuplicateCanonical"
https://calcpromaster.netlify.app/science/doppler,tool,FAIL,FAIL,"CalcProMaster - 543+ free online calculators",44,139,https://calcpromaster.netlify.app/,"",194,true,false,true,true,true,true,"selfCanonical uniqueH1 content noDuplicateCanonical"
https://calcpromaster.netlify.app/science/half-life,tool,FAIL,FAIL,"CalcProMaster - 543+ free online calculators",44,139,https://calcpromaster.netlify.app/,"",194,true,false,true,true,true,true,"selfCanonical uniqueH1 content noDuplicateCanonical"
https://calcpromaster.netlify.app/science/wavelength,tool,FAIL,FAIL,"CalcProMaster - 543+ free online calculators",44,139,https://calcpromaster.netlify.app/,"",194,true,false,true,true,true,true,"selfCanonical uniqueH1 content noDuplicateCanonical"
https://calcpromaster.netlify.app/science/acceleration,tool,FAIL,FAIL,"CalcProMaster - 543+ free online calculators",44,139,https://calcpromaster.netlify.app/,"",194,true,false,true,true,true,true,"selfCanonical uniqueH1 content noDuplicateCanonical"
https://calcpromaster.netlify.app/science/power,tool,FAIL,FAIL,"CalcProMaster - 543+ free online calculators",44,139,https://calcpromaster.netlify.app/,"",194,true,false,true,true,true,true,"selfCanonical uniqueH1 content noDuplicateCanonical"
https://calcpromaster.netlify.app/science/velocity,tool,FAIL,FAIL,"CalcProMaster - 543+ free online calculators",44,139,https://calcpromaster.netlify.app/,"",194,true,false,true,true,true,true,"selfCanonical uniqueH1 content noDuplicateCanonical"
https://calcpromaster.netlify.app/science/free-fall,tool,FAIL,FAIL,"CalcProMaster - 543+ free online calculators",44,139,https://calcpromaster.netlify.app/,"",194,true,false,true,true,true,true,"selfCanonical uniqueH1 content noDuplicateCanonical"
https://calcpromaster.netlify.app/science/specific-heat,tool,FAIL,FAIL,"CalcProMaster - 543+ free online calculators",44,139,https://calcpromaster.netlify.app/,"",194,true,false,true,true,true,true,"selfCanonical uniqueH1 content noDuplicateCanonical"
https://calcpromaster.netlify.app/science/lens,tool,FAIL,FAIL,"CalcProMaster - 543+ free online calculators",44,139,https://calcpromaster.netlify.app/,"",194,true,false,true,true,true,true,"selfCanonical uniqueH1 content noDuplicateCanonical"
https://calcpromaster.netlify.app/science/coulomb,tool,FAIL,FAIL,"CalcProMaster - 543+ free online calculators",44,139,https://calcpromaster.netlify.app/,"",194,true,false,true,true,true,true,"selfCanonical uniqueH1 content noDuplicateCanonical"
https://calcpromaster.netlify.app/science/frequency,tool,FAIL,FAIL,"CalcProMaster - 543+ free online calculators",44,139,https://calcpromaster.netlify.app/,"",194,true,false,true,true,true,true,"selfCanonical uniqueH1 content noDuplicateCanonical"
https://calcpromaster.netlify.app/science/energy-mass,tool,FAIL,FAIL,"CalcProMaster - 543+ free online calculators",44,139,https://calcpromaster.netlify.app/,"",194,true,false,true,true,true,true,"selfCanonical uniqueH1 content noDuplicateCanonical"
https://calcpromaster.netlify.app/science/molar-mass,tool,FAIL,FAIL,"CalcProMaster - 543+ free online calculators",44,139,https://calcpromaster.netlify.app/,"",194,true,false,true,true,true,true,"selfCanonical uniqueH1 content noDuplicateCanonical"
https://calcpromaster.netlify.app/science/work-calculator,tool,FAIL,FAIL,"CalcProMaster - 543+ free online calculators",44,139,https://calcpromaster.netlify.app/,"",194,true,false,true,true,true,true,"selfCanonical uniqueH1 content noDuplicateCanonical"
https://calcpromaster.netlify.app/science/gravitational-force,tool,FAIL,FAIL,"CalcProMaster - 543+ free online calculators",44,139,https://calcpromaster.netlify.app/,"",194,true,false,true,true,true,true,"selfCanonical uniqueH1 content noDuplicateCanonical"
https://calcpromaster.netlify.app/science/escape-velocity,tool,FAIL,FAIL,"CalcProMaster - 543+ free online calculators",44,139,https://calcpromaster.netlify.app/,"",194,true,false,true,true,true,true,"selfCanonical uniqueH1 content noDuplicateCanonical"
https://calcpromaster.netlify.app/science/molarity,tool,FAIL,FAIL,"CalcProMaster - 543+ free online calculators",44,139,https://calcpromaster.netlify.app/,"",194,true,false,true,true,true,true,"selfCanonical uniqueH1 content noDuplicateCanonical"
https://calcpromaster.netlify.app/science/dilution,tool,FAIL,FAIL,"CalcProMaster - 543+ free online calculators",44,139,https://calcpromaster.netlify.app/,"",194,true,false,true,true,true,true,"selfCanonical uniqueH1 content noDuplicateCanonical"
https://calcpromaster.netlify.app/science/electric-field,tool,FAIL,FAIL,"CalcProMaster - 543+ free online calculators",44,139,https://calcpromaster.netlify.app/,"",194,true,false,true,true,true,true,"selfCanonical uniqueH1 content noDuplicateCanonical"
https://calcpromaster.netlify.app/tech,category,FAIL,FAIL,"CalcProMaster - 543+ free online calculators",44,139,https://calcpromaster.netlify.app/,"",194,true,false,true,true,true,true,"selfCanonical uniqueH1 content noDuplicateCanonical"
https://calcpromaster.netlify.app/hub/tech,hub,FAIL,FAIL,"CalcProMaster - 543+ free online calculators",44,139,https://calcpromaster.netlify.app/,"",194,true,false,true,true,true,true,"selfCanonical uniqueH1 content noDuplicateCanonical"
https://calcpromaster.netlify.app/tech/internet-speed,tool,FAIL,FAIL,"CalcProMaster - 543+ free online calculators",44,139,https://calcpromaster.netlify.app/,"",194,true,false,true,true,true,true,"selfCanonical uniqueH1 content noDuplicateCanonical"
https://calcpromaster.netlify.app/tech/bandwidth-calc,tool,FAIL,FAIL,"CalcProMaster - 543+ free online calculators",44,139,https://calcpromaster.netlify.app/,"",194,true,false,true,true,true,true,"selfCanonical uniqueH1 content noDuplicateCanonical"
https://calcpromaster.netlify.app/tech/data-usage,tool,FAIL,FAIL,"CalcProMaster - 543+ free online calculators",44,139,https://calcpromaster.netlify.app/,"",194,true,false,true,true,true,true,"selfCanonical uniqueH1 content noDuplicateCanonical"
https://calcpromaster.netlify.app/tech/video-size,tool,FAIL,FAIL,"CalcProMaster - 543+ free online calculators",44,139,https://calcpromaster.netlify.app/,"",194,true,false,true,true,true,true,"selfCanonical uniqueH1 content noDuplicateCanonical"
https://calcpromaster.netlify.app/tech/monitor-distance,tool,FAIL,FAIL,"CalcProMaster - 543+ free online calculators",44,139,https://calcpromaster.netlify.app/,"",194,true,false,true,true,true,true,"selfCanonical uniqueH1 content noDuplicateCanonical"
https://calcpromaster.netlify.app/tech/wifi-channels,tool,FAIL,FAIL,"CalcProMaster - 543+ free online calculators",44,139,https://calcpromaster.netlify.app/,"",194,true,false,true,true,true,true,"selfCanonical uniqueH1 content noDuplicateCanonical"
https://calcpromaster.netlify.app/tech/cloud-storage,tool,FAIL,FAIL,"CalcProMaster - 543+ free online calculators",44,139,https://calcpromaster.netlify.app/,"",194,true,false,true,true,true,true,"selfCanonical uniqueH1 content noDuplicateCanonical"
https://calcpromaster.netlify.app/tech/website-cost,tool,FAIL,FAIL,"CalcProMaster - 543+ free online calculators",44,139,https://calcpromaster.netlify.app/,"",194,true,false,true,true,true,true,"selfCanonical uniqueH1 content noDuplicateCanonical"
https://calcpromaster.netlify.app/tech/ssd-vs-hdd,tool,FAIL,FAIL,"CalcProMaster - 543+ free online calculators",44,139,https://calcpromaster.netlify.app/,"",194,true,false,true,true,true,true,"selfCanonical uniqueH1 content noDuplicateCanonical"
https://calcpromaster.netlify.app/tech/battery-life-estimator,tool,FAIL,FAIL,"CalcProMaster - 543+ free online calculators",44,139,https://calcpromaster.netlify.app/,"",194,true,false,true,true,true,true,"selfCanonical uniqueH1 content noDuplicateCanonical"
https://calcpromaster.netlify.app/tech/screen-resolution,tool,FAIL,FAIL,"CalcProMaster - 543+ free online calculators",44,139,https://calcpromaster.netlify.app/,"",194,true,false,true,true,true,true,"selfCanonical uniqueH1 content noDuplicateCanonical"
https://calcpromaster.netlify.app/tech/cable-length,tool,FAIL,FAIL,"CalcProMaster - 543+ free online calculators",44,139,https://calcpromaster.netlify.app/,"",194,true,false,true,true,true,true,"selfCanonical uniqueH1 content noDuplicateCanonical"
https://calcpromaster.netlify.app/tech/ppi-calc,tool,FAIL,FAIL,"CalcProMaster - 543+ free online calculators",44,139,https://calcpromaster.netlify.app/,"",194,true,false,true,true,true,true,"selfCanonical uniqueH1 content noDuplicateCanonical"
https://calcpromaster.netlify.app/tech/wattage-psu,tool,FAIL,FAIL,"CalcProMaster - 543+ free online calculators",44,139,https://calcpromaster.netlify.app/,"",194,true,false,true,true,true,true,"selfCanonical uniqueH1 content noDuplicateCanonical"
https://calcpromaster.netlify.app/tech/print-resolution,tool,FAIL,FAIL,"CalcProMaster - 543+ free online calculators",44,139,https://calcpromaster.netlify.app/,"",194,true,false,true,true,true,true,"selfCanonical uniqueH1 content noDuplicateCanonical"
https://calcpromaster.netlify.app/tech/password-time,tool,FAIL,FAIL,"CalcProMaster - 543+ free online calculators",44,139,https://calcpromaster.netlify.app/,"",194,true,false,true,true,true,true,"selfCanonical uniqueH1 content noDuplicateCanonical"
https://calcpromaster.netlify.app/tech/image-file-size,tool,FAIL,FAIL,"CalcProMaster - 543+ free online calculators",44,139,https://calcpromaster.netlify.app/,"",194,true,false,true,true,true,true,"selfCanonical uniqueH1 content noDuplicateCanonical"
https://calcpromaster.netlify.app/tech/hosting-cost,tool,FAIL,FAIL,"CalcProMaster - 543+ free online calculators",44,139,https://calcpromaster.netlify.app/,"",194,true,false,true,true,true,true,"selfCanonical uniqueH1 content noDuplicateCanonical"
https://calcpromaster.netlify.app/tech/monitor-refresh,tool,FAIL,FAIL,"CalcProMaster - 543+ free online calculators",44,139,https://calcpromaster.netlify.app/,"",194,true,false,true,true,true,true,"selfCanonical uniqueH1 content noDuplicateCanonical"
https://calcpromaster.netlify.app/tech/streaming-bitrate,tool,FAIL,FAIL,"CalcProMaster - 543+ free online calculators",44,139,https://calcpromaster.netlify.app/,"",194,true,false,true,true,true,true,"selfCanonical uniqueH1 content noDuplicateCanonical"
https://calcpromaster.netlify.app/tech/raid-capacity,tool,FAIL,FAIL,"CalcProMaster - 543+ free online calculators",44,139,https://calcpromaster.netlify.app/,"",194,true,false,true,true,true,true,"selfCanonical uniqueH1 content noDuplicateCanonical"
https://calcpromaster.netlify.app/tech/uptime-calculator,tool,FAIL,FAIL,"CalcProMaster - 543+ free online calculators",44,139,https://calcpromaster.netlify.app/,"",194,true,false,true,true,true,true,"selfCanonical uniqueH1 content noDuplicateCanonical"
https://calcpromaster.netlify.app/tech/device-charge-time,tool,FAIL,FAIL,"CalcProMaster - 543+ free online calculators",44,139,https://calcpromaster.netlify.app/,"",194,true,false,true,true,true,true,"selfCanonical uniqueH1 content noDuplicateCanonical"
https://calcpromaster.netlify.app/tech/data-transfer-cost,tool,FAIL,FAIL,"CalcProMaster - 543+ free online calculators",44,139,https://calcpromaster.netlify.app/,"",194,true,false,true,true,true,true,"selfCanonical uniqueH1 content noDuplicateCanonical"
https://calcpromaster.netlify.app/tech/token-cost,tool,FAIL,FAIL,"CalcProMaster - 543+ free online calculators",44,139,https://calcpromaster.netlify.app/,"",194,true,false,true,true,true,true,"selfCanonical uniqueH1 content noDuplicateCanonical"
https://calcpromaster.netlify.app/tech/base64-encode,tool,FAIL,FAIL,"CalcProMaster - 543+ free online calculators",44,139,https://calcpromaster.netlify.app/,"",194,true,false,true,true,true,true,"selfCanonical uniqueH1 content noDuplicateCanonical"
https://calcpromaster.netlify.app/tech/base64-decode,tool,FAIL,FAIL,"CalcProMaster - 543+ free online calculators",44,139,https://calcpromaster.netlify.app/,"",194,true,false,true,true,true,true,"selfCanonical uniqueH1 content noDuplicateCanonical"
https://calcpromaster.netlify.app/tech/url-encoder,tool,FAIL,FAIL,"CalcProMaster - 543+ free online calculators",44,139,https://calcpromaster.netlify.app/,"",194,true,false,true,true,true,true,"selfCanonical uniqueH1 content noDuplicateCanonical"
https://calcpromaster.netlify.app/tech/json-formatter,tool,FAIL,FAIL,"CalcProMaster - 543+ free online calculators",44,139,https://calcpromaster.netlify.app/,"",194,true,false,true,true,true,true,"selfCanonical uniqueH1 content noDuplicateCanonical"
https://calcpromaster.netlify.app/tech/text-counter,tool,FAIL,FAIL,"CalcProMaster - 543+ free online calculators",44,139,https://calcpromaster.netlify.app/,"",194,true,false,true,true,true,true,"selfCanonical uniqueH1 content noDuplicateCanonical"
https://calcpromaster.netlify.app/tech/case-converter,tool,FAIL,FAIL,"CalcProMaster - 543+ free online calculators",44,139,https://calcpromaster.netlify.app/,"",194,true,false,true,true,true,true,"selfCanonical uniqueH1 content noDuplicateCanonical"
https://calcpromaster.netlify.app/tech/hash-generator,tool,FAIL,FAIL,"CalcProMaster - 543+ free online calculators",44,139,https://calcpromaster.netlify.app/,"",194,true,false,true,true,true,true,"selfCanonical uniqueH1 content noDuplicateCanonical"
https://calcpromaster.netlify.app/tech/rgb-hex,tool,FAIL,FAIL,"CalcProMaster - 543+ free online calculators",44,139,https://calcpromaster.netlify.app/,"",194,true,false,true,true,true,true,"selfCanonical uniqueH1 content noDuplicateCanonical"
https://calcpromaster.netlify.app/tech/uuid-generator,tool,FAIL,FAIL,"CalcProMaster - 543+ free online calculators",44,139,https://calcpromaster.netlify.app/,"",194,true,false,true,true,true,true,"selfCanonical uniqueH1 content noDuplicateCanonical"
https://calcpromaster.netlify.app/tech/password-generator,tool,FAIL,FAIL,"CalcProMaster - 543+ free online calculators",44,139,https://calcpromaster.netlify.app/,"",194,true,false,true,true,true,true,"selfCanonical uniqueH1 content noDuplicateCanonical"
https://calcpromaster.netlify.app/tech/ip-subnet,tool,FAIL,FAIL,"CalcProMaster - 543+ free online calculators",44,139,https://calcpromaster.netlify.app/,"",194,true,false,true,true,true,true,"selfCanonical uniqueH1 content noDuplicateCanonical"
https://calcpromaster.netlify.app/tech/cron-validate,tool,FAIL,FAIL,"CalcProMaster - 543+ free online calculators",44,139,https://calcpromaster.netlify.app/,"",194,true,false,true,true,true,true,"selfCanonical uniqueH1 content noDuplicateCanonical"
https://calcpromaster.netlify.app/tech/resistor-color-code,tool,FAIL,FAIL,"CalcProMaster - 543+ free online calculators",44,139,https://calcpromaster.netlify.app/,"",194,true,false,true,true,true,true,"selfCanonical uniqueH1 content noDuplicateCanonical"
https://calcpromaster.netlify.app/tech/ascii-table,tool,FAIL,FAIL,"CalcProMaster - 543+ free online calculators",44,139,https://calcpromaster.netlify.app/,"",194,true,false,true,true,true,true,"selfCanonical uniqueH1 content noDuplicateCanonical"
https://calcpromaster.netlify.app/tech/awg-reference,tool,FAIL,FAIL,"CalcProMaster - 543+ free online calculators",44,139,https://calcpromaster.netlify.app/,"",194,true,false,true,true,true,true,"selfCanonical uniqueH1 content noDuplicateCanonical"
https://calcpromaster.netlify.app/utilities,category,FAIL,FAIL,"CalcProMaster - 543+ free online calculators",44,139,https://calcpromaster.netlify.app/,"",194,true,false,true,true,true,true,"selfCanonical uniqueH1 content noDuplicateCanonical"
https://calcpromaster.netlify.app/hub/utilities,hub,FAIL,FAIL,"CalcProMaster - 543+ free online calculators",44,139,https://calcpromaster.netlify.app/,"",194,true,false,true,true,true,true,"selfCanonical uniqueH1 content noDuplicateCanonical"
https://calcpromaster.netlify.app/utilities/qr-generator,tool,FAIL,FAIL,"CalcProMaster - 543+ free online calculators",44,139,https://calcpromaster.netlify.app/,"",194,true,false,true,true,true,true,"selfCanonical uniqueH1 content noDuplicateCanonical"
https://calcpromaster.netlify.app/utilities/password-gen,tool,FAIL,FAIL,"CalcProMaster - 543+ free online calculators",44,139,https://calcpromaster.netlify.app/,"",194,true,false,true,true,true,true,"selfCanonical uniqueH1 content noDuplicateCanonical"
https://calcpromaster.netlify.app/utilities/color-picker,tool,FAIL,FAIL,"CalcProMaster - 543+ free online calculators",44,139,https://calcpromaster.netlify.app/,"",194,true,false,true,true,true,true,"selfCanonical uniqueH1 content noDuplicateCanonical"
https://calcpromaster.netlify.app/utilities/unit-converter,tool,FAIL,FAIL,"CalcProMaster - 543+ free online calculators",44,139,https://calcpromaster.netlify.app/,"",194,true,false,true,true,true,true,"selfCanonical uniqueH1 content noDuplicateCanonical"
https://calcpromaster.netlify.app/utilities/base-converter,tool,FAIL,FAIL,"CalcProMaster - 543+ free online calculators",44,139,https://calcpromaster.netlify.app/,"",194,true,false,true,true,true,true,"selfCanonical uniqueH1 content noDuplicateCanonical"
https://calcpromaster.netlify.app/utilities/hash-gen,tool,FAIL,FAIL,"CalcProMaster - 543+ free online calculators",44,139,https://calcpromaster.netlify.app/,"",194,true,false,true,true,true,true,"selfCanonical uniqueH1 content noDuplicateCanonical"
https://calcpromaster.netlify.app/utilities/lorem-ipsum,tool,FAIL,FAIL,"CalcProMaster - 543+ free online calculators",44,139,https://calcpromaster.netlify.app/,"",194,true,false,true,true,true,true,"selfCanonical uniqueH1 content noDuplicateCanonical"
https://calcpromaster.netlify.app/utilities/uuid-gen,tool,FAIL,FAIL,"CalcProMaster - 543+ free online calculators",44,139,https://calcpromaster.netlify.app/,"",194,true,false,true,true,true,true,"selfCanonical uniqueH1 content noDuplicateCanonical"
https://calcpromaster.netlify.app/utilities/tip-split,tool,FAIL,FAIL,"CalcProMaster - 543+ free online calculators",44,139,https://calcpromaster.netlify.app/,"",194,true,false,true,true,true,true,"selfCanonical uniqueH1 content noDuplicateCanonical"
https://calcpromaster.netlify.app/utilities/timer-calc,tool,FAIL,FAIL,"CalcProMaster - 543+ free online calculators",44,139,https://calcpromaster.netlify.app/,"",194,true,false,true,true,true,true,"selfCanonical uniqueH1 content noDuplicateCanonical"
https://calcpromaster.netlify.app/utilities/file-size,tool,FAIL,FAIL,"CalcProMaster - 543+ free online calculators",44,139,https://calcpromaster.netlify.app/,"",194,true,false,true,true,true,true,"selfCanonical uniqueH1 content noDuplicateCanonical"
https://calcpromaster.netlify.app/utilities/salary-hourly,tool,FAIL,FAIL,"CalcProMaster - 543+ free online calculators",44,139,https://calcpromaster.netlify.app/,"",194,true,false,true,true,true,true,"selfCanonical uniqueH1 content noDuplicateCanonical"
https://calcpromaster.netlify.app/utilities/area-calc,tool,FAIL,FAIL,"CalcProMaster - 543+ free online calculators",44,139,https://calcpromaster.netlify.app/,"",194,true,false,true,true,true,true,"selfCanonical uniqueH1 content noDuplicateCanonical"
https://calcpromaster.netlify.app/utilities/volume-calc,tool,FAIL,FAIL,"CalcProMaster - 543+ free online calculators",44,139,https://calcpromaster.netlify.app/,"",194,true,false,true,true,true,true,"selfCanonical uniqueH1 content noDuplicateCanonical"
https://calcpromaster.netlify.app/utilities/shipping-cost,tool,FAIL,FAIL,"CalcProMaster - 543+ free online calculators",44,139,https://calcpromaster.netlify.app/,"",194,true,false,true,true,true,true,"selfCanonical uniqueH1 content noDuplicateCanonical"
https://calcpromaster.netlify.app/utilities/salary-biweekly,tool,FAIL,FAIL,"CalcProMaster - 543+ free online calculators",44,139,https://calcpromaster.netlify.app/,"",194,true,false,true,true,true,true,"selfCanonical uniqueH1 content noDuplicateCanonical"
https://calcpromaster.netlify.app/utilities/simple-tax,tool,FAIL,FAIL,"CalcProMaster - 543+ free online calculators",44,139,https://calcpromaster.netlify.app/,"",194,true,false,true,true,true,true,"selfCanonical uniqueH1 content noDuplicateCanonical"
https://calcpromaster.netlify.app/utilities/mileage-calc,tool,FAIL,FAIL,"CalcProMaster - 543+ free online calculators",44,139,https://calcpromaster.netlify.app/,"",194,true,false,true,true,true,true,"selfCanonical uniqueH1 content noDuplicateCanonical"
https://calcpromaster.netlify.app/finance/loan-emi/5-years-50000,longtail,FAIL,FAIL,"CalcProMaster - 543+ free online calculators",44,139,https://calcpromaster.netlify.app/,"",194,true,false,true,true,true,true,"selfCanonical uniqueH1 content noDuplicateCanonical"
https://calcpromaster.netlify.app/finance/loan-emi/10-years-200000,longtail,FAIL,FAIL,"CalcProMaster - 543+ free online calculators",44,139,https://calcpromaster.netlify.app/,"",194,true,false,true,true,true,true,"selfCanonical uniqueH1 content noDuplicateCanonical"
https://calcpromaster.netlify.app/finance/loan-emi/3-years-15000,longtail,FAIL,FAIL,"CalcProMaster - 543+ free online calculators",44,139,https://calcpromaster.netlify.app/,"",194,true,false,true,true,true,true,"selfCanonical uniqueH1 content noDuplicateCanonical"
https://calcpromaster.netlify.app/finance/loan-emi/7-years-100000,longtail,FAIL,FAIL,"CalcProMaster - 543+ free online calculators",44,139,https://calcpromaster.netlify.app/,"",194,true,false,true,true,true,true,"selfCanonical uniqueH1 content noDuplicateCanonical"
https://calcpromaster.netlify.app/finance/loan-emi/15-years-300000,longtail,FAIL,FAIL,"CalcProMaster - 543+ free online calculators",44,139,https://calcpromaster.netlify.app/,"",194,true,false,true,true,true,true,"selfCanonical uniqueH1 content noDuplicateCanonical"
https://calcpromaster.netlify.app/finance/loan-emi/20-years-400000,longtail,FAIL,FAIL,"CalcProMaster - 543+ free online calculators",44,139,https://calcpromaster.netlify.app/,"",194,true,false,true,true,true,true,"selfCanonical uniqueH1 content noDuplicateCanonical"
https://calcpromaster.netlify.app/finance/loan-emi/30-years-250000,longtail,FAIL,FAIL,"CalcProMaster - 543+ free online calculators",44,139,https://calcpromaster.netlify.app/,"",194,true,false,true,true,true,true,"selfCanonical uniqueH1 content noDuplicateCanonical"
https://calcpromaster.netlify.app/finance/loan-emi/2-years-10000,longtail,FAIL,FAIL,"CalcProMaster - 543+ free online calculators",44,139,https://calcpromaster.netlify.app/,"",194,true,false,true,true,true,true,"selfCanonical uniqueH1 content noDuplicateCanonical"
https://calcpromaster.netlify.app/finance/loan-emi/12-months-20000,longtail,FAIL,FAIL,"CalcProMaster - 543+ free online calculators",44,139,https://calcpromaster.netlify.app/,"",194,true,false,true,true,true,true,"selfCanonical uniqueH1 content noDuplicateCanonical"
https://calcpromaster.netlify.app/finance/loan-emi/6-years-75000,longtail,FAIL,FAIL,"CalcProMaster - 543+ free online calculators",44,139,https://calcpromaster.netlify.app/,"",194,true,false,true,true,true,true,"selfCanonical uniqueH1 content noDuplicateCanonical"
https://calcpromaster.netlify.app/finance/loan-emi/5-years-75000,longtail,FAIL,FAIL,"CalcProMaster - 543+ free online calculators",44,139,https://calcpromaster.netlify.app/,"",194,true,false,true,true,true,true,"selfCanonical uniqueH1 content noDuplicateCanonical"
https://calcpromaster.netlify.app/finance/loan-emi/5-years-50000-florida,longtail,FAIL,FAIL,"CalcProMaster - 543+ free online calculators",44,139,https://calcpromaster.netlify.app/,"",194,true,false,true,true,true,true,"selfCanonical uniqueH1 content noDuplicateCanonical"
https://calcpromaster.netlify.app/finance/loan-emi/10-years-200000-texas,longtail,FAIL,FAIL,"CalcProMaster - 543+ free online calculators",44,139,https://calcpromaster.netlify.app/,"",194,true,false,true,true,true,true,"selfCanonical uniqueH1 content noDuplicateCanonical"
https://calcpromaster.netlify.app/finance/loan-emi/7-years-100000-california,longtail,FAIL,FAIL,"CalcProMaster - 543+ free online calculators",44,139,https://calcpromaster.netlify.app/,"",194,true,false,true,true,true,true,"selfCanonical uniqueH1 content noDuplicateCanonical"
https://calcpromaster.netlify.app/finance/loan-emi/3-years-15000-arizona,longtail,FAIL,FAIL,"CalcProMaster - 543+ free online calculators",44,139,https://calcpromaster.netlify.app/,"",194,true,false,true,true,true,true,"selfCanonical uniqueH1 content noDuplicateCanonical"
https://calcpromaster.netlify.app/finance/loan-emi/8-years-120000,longtail,FAIL,FAIL,"CalcProMaster - 543+ free online calculators",44,139,https://calcpromaster.netlify.app/,"",194,true,false,true,true,true,true,"selfCanonical uniqueH1 content noDuplicateCanonical"
https://calcpromaster.netlify.app/finance/mortgage/30-years-200000,longtail,FAIL,FAIL,"CalcProMaster - 543+ free online calculators",44,139,https://calcpromaster.netlify.app/,"",194,true,false,true,true,true,true,"selfCanonical uniqueH1 content noDuplicateCanonical"
https://calcpromaster.netlify.app/finance/auto-loan/5-years-30000,longtail,FAIL,FAIL,"CalcProMaster - 543+ free online calculators",44,139,https://calcpromaster.netlify.app/,"",194,true,false,true,true,true,true,"selfCanonical uniqueH1 content noDuplicateCanonical"
https://calcpromaster.netlify.app/finance/retirement/30-years-100000,longtail,FAIL,FAIL,"CalcProMaster - 543+ free online calculators",44,139,https://calcpromaster.netlify.app/,"",194,true,false,true,true,true,true,"selfCanonical uniqueH1 content noDuplicateCanonical"
https://calcpromaster.netlify.app/finance/compound-interest/20-years-50000,longtail,FAIL,FAIL,"CalcProMaster - 543+ free online calculators",44,139,https://calcpromaster.netlify.app/,"",194,true,false,true,true,true,true,"selfCanonical uniqueH1 content noDuplicateCanonical"
https://calcpromaster.netlify.app/finance/mortgage/30-years-300000,longtail,FAIL,FAIL,"CalcProMaster - 543+ free online calculators",44,139,https://calcpromaster.netlify.app/,"",194,true,false,true,true,true,true,"selfCanonical uniqueH1 content noDuplicateCanonical"
https://calcpromaster.netlify.app/finance/mortgage/15-years-250000,longtail,FAIL,FAIL,"CalcProMaster - 543+ free online calculators",44,139,https://calcpromaster.netlify.app/,"",194,true,false,true,true,true,true,"selfCanonical uniqueH1 content noDuplicateCanonical"
https://calcpromaster.netlify.app/finance/mortgage/20-years-400000,longtail,FAIL,FAIL,"CalcProMaster - 543+ free online calculators",44,139,https://calcpromaster.netlify.app/,"",194,true,false,true,true,true,true,"selfCanonical uniqueH1 content noDuplicateCanonical"
https://calcpromaster.netlify.app/finance/mortgage/10-years-150000,longtail,FAIL,FAIL,"CalcProMaster - 543+ free online calculators",44,139,https://calcpromaster.netlify.app/,"",194,true,false,true,true,true,true,"selfCanonical uniqueH1 content noDuplicateCanonical"
https://calcpromaster.netlify.app/finance/mortgage/30-years-500000,longtail,FAIL,FAIL,"CalcProMaster - 543+ free online calculators",44,139,https://calcpromaster.netlify.app/,"",194,true,false,true,true,true,true,"selfCanonical uniqueH1 content noDuplicateCanonical"
https://calcpromaster.netlify.app/finance/mortgage/25-years-350000,longtail,FAIL,FAIL,"CalcProMaster - 543+ free online calculators",44,139,https://calcpromaster.netlify.app/,"",194,true,false,true,true,true,true,"selfCanonical uniqueH1 content noDuplicateCanonical"
https://calcpromaster.netlify.app/finance/mortgage/5-years-100000,longtail,FAIL,FAIL,"CalcProMaster - 543+ free online calculators",44,139,https://calcpromaster.netlify.app/,"",194,true,false,true,true,true,true,"selfCanonical uniqueH1 content noDuplicateCanonical"
https://calcpromaster.netlify.app/finance/mortgage/7-years-200000,longtail,FAIL,FAIL,"CalcProMaster - 543+ free online calculators",44,139,https://calcpromaster.netlify.app/,"",194,true,false,true,true,true,true,"selfCanonical uniqueH1 content noDuplicateCanonical"
https://calcpromaster.netlify.app/finance/mortgage/15-years-300000-california,longtail,FAIL,FAIL,"CalcProMaster - 543+ free online calculators",44,139,https://calcpromaster.netlify.app/,"",194,true,false,true,true,true,true,"selfCanonical uniqueH1 content noDuplicateCanonical"
https://calcpromaster.netlify.app/finance/mortgage/30-years-300000-florida,longtail,FAIL,FAIL,"CalcProMaster - 543+ free online calculators",44,139,https://calcpromaster.netlify.app/,"",194,true,false,true,true,true,true,"selfCanonical uniqueH1 content noDuplicateCanonical"
https://calcpromaster.netlify.app/finance/mortgage/15-years-250000-texas,longtail,FAIL,FAIL,"CalcProMaster - 543+ free online calculators",44,139,https://calcpromaster.netlify.app/,"",194,true,false,true,true,true,true,"selfCanonical uniqueH1 content noDuplicateCanonical"
https://calcpromaster.netlify.app/finance/mortgage/30-years-500000-california,longtail,FAIL,FAIL,"CalcProMaster - 543+ free online calculators",44,139,https://calcpromaster.netlify.app/,"",194,true,false,true,true,true,true,"selfCanonical uniqueH1 content noDuplicateCanonical"
https://calcpromaster.netlify.app/finance/mortgage/20-years-400000-arizona,longtail,FAIL,FAIL,"CalcProMaster - 543+ free online calculators",44,139,https://calcpromaster.netlify.app/,"",194,true,false,true,true,true,true,"selfCanonical uniqueH1 content noDuplicateCanonical"
https://calcpromaster.netlify.app/finance/mortgage/10-years-150000-ohio,longtail,FAIL,FAIL,"CalcProMaster - 543+ free online calculators",44,139,https://calcpromaster.netlify.app/,"",194,true,false,true,true,true,true,"selfCanonical uniqueH1 content noDuplicateCanonical"
https://calcpromaster.netlify.app/finance/auto-loan/5-years-25000,longtail,FAIL,FAIL,"CalcProMaster - 543+ free online calculators",44,139,https://calcpromaster.netlify.app/,"",194,true,false,true,true,true,true,"selfCanonical uniqueH1 content noDuplicateCanonical"
https://calcpromaster.netlify.app/finance/auto-loan/4-years-30000,longtail,FAIL,FAIL,"CalcProMaster - 543+ free online calculators",44,139,https://calcpromaster.netlify.app/,"",194,true,false,true,true,true,true,"selfCanonical uniqueH1 content noDuplicateCanonical"
https://calcpromaster.netlify.app/finance/auto-loan/6-years-45000,longtail,FAIL,FAIL,"CalcProMaster - 543+ free online calculators",44,139,https://calcpromaster.netlify.app/,"",194,true,false,true,true,true,true,"selfCanonical uniqueH1 content noDuplicateCanonical"
https://calcpromaster.netlify.app/finance/auto-loan/3-years-20000,longtail,FAIL,FAIL,"CalcProMaster - 543+ free online calculators",44,139,https://calcpromaster.netlify.app/,"",194,true,false,true,true,true,true,"selfCanonical uniqueH1 content noDuplicateCanonical"
https://calcpromaster.netlify.app/finance/auto-loan/7-years-50000,longtail,FAIL,FAIL,"CalcProMaster - 543+ free online calculators",44,139,https://calcpromaster.netlify.app/,"",194,true,false,true,true,true,true,"selfCanonical uniqueH1 content noDuplicateCanonical"
https://calcpromaster.netlify.app/finance/auto-loan/2-years-15000,longtail,FAIL,FAIL,"CalcProMaster - 543+ free online calculators",44,139,https://calcpromaster.netlify.app/,"",194,true,false,true,true,true,true,"selfCanonical uniqueH1 content noDuplicateCanonical"
https://calcpromaster.netlify.app/finance/auto-loan/5-years-35000,longtail,FAIL,FAIL,"CalcProMaster - 543+ free online calculators",44,139,https://calcpromaster.netlify.app/,"",194,true,false,true,true,true,true,"selfCanonical uniqueH1 content noDuplicateCanonical"
https://calcpromaster.netlify.app/finance/auto-loan/72-months-30000,longtail,FAIL,FAIL,"CalcProMaster - 543+ free online calculators",44,139,https://calcpromaster.netlify.app/,"",194,true,false,true,true,true,true,"selfCanonical uniqueH1 content noDuplicateCanonical"
https://calcpromaster.netlify.app/finance/auto-loan/5-years-25000-florida,longtail,FAIL,FAIL,"CalcProMaster - 543+ free online calculators",44,139,https://calcpromaster.netlify.app/,"",194,true,false,true,true,true,true,"selfCanonical uniqueH1 content noDuplicateCanonical"
https://calcpromaster.netlify.app/finance/auto-loan/6-years-45000-texas,longtail,FAIL,FAIL,"CalcProMaster - 543+ free online calculators",44,139,https://calcpromaster.netlify.app/,"",194,true,false,true,true,true,true,"selfCanonical uniqueH1 content noDuplicateCanonical"
https://calcpromaster.netlify.app/finance/compound-interest/10-years-50000,longtail,FAIL,FAIL,"CalcProMaster - 543+ free online calculators",44,139,https://calcpromaster.netlify.app/,"",194,true,false,true,true,true,true,"selfCanonical uniqueH1 content noDuplicateCanonical"
https://calcpromaster.netlify.app/finance/compound-interest/20-years-10000,longtail,FAIL,FAIL,"CalcProMaster - 543+ free online calculators",44,139,https://calcpromaster.netlify.app/,"",194,true,false,true,true,true,true,"selfCanonical uniqueH1 content noDuplicateCanonical"
https://calcpromaster.netlify.app/finance/compound-interest/5-years-100000,longtail,FAIL,FAIL,"CalcProMaster - 543+ free online calculators",44,139,https://calcpromaster.netlify.app/,"",194,true,false,true,true,true,true,"selfCanonical uniqueH1 content noDuplicateCanonical"
https://calcpromaster.netlify.app/finance/compound-interest/15-years-75000,longtail,FAIL,FAIL,"CalcProMaster - 543+ free online calculators",44,139,https://calcpromaster.netlify.app/,"",194,true,false,true,true,true,true,"selfCanonical uniqueH1 content noDuplicateCanonical"
https://calcpromaster.netlify.app/finance/compound-interest/25-years-25000,longtail,FAIL,FAIL,"CalcProMaster - 543+ free online calculators",44,139,https://calcpromaster.netlify.app/,"",194,true,false,true,true,true,true,"selfCanonical uniqueH1 content noDuplicateCanonical"
https://calcpromaster.netlify.app/finance/compound-interest/30-years-5000,longtail,FAIL,FAIL,"CalcProMaster - 543+ free online calculators",44,139,https://calcpromaster.netlify.app/,"",194,true,false,true,true,true,true,"selfCanonical uniqueH1 content noDuplicateCanonical"
https://calcpromaster.netlify.app/finance/simple-interest/3-years-50000,longtail,FAIL,FAIL,"CalcProMaster - 543+ free online calculators",44,139,https://calcpromaster.netlify.app/,"",194,true,false,true,true,true,true,"selfCanonical uniqueH1 content noDuplicateCanonical"
https://calcpromaster.netlify.app/finance/simple-interest/5-years-100000,longtail,FAIL,FAIL,"CalcProMaster - 543+ free online calculators",44,139,https://calcpromaster.netlify.app/,"",194,true,false,true,true,true,true,"selfCanonical uniqueH1 content noDuplicateCanonical"
https://calcpromaster.netlify.app/finance/simple-interest/10-years-75000,longtail,FAIL,FAIL,"CalcProMaster - 543+ free online calculators",44,139,https://calcpromaster.netlify.app/,"",194,true,false,true,true,true,true,"selfCanonical uniqueH1 content noDuplicateCanonical"
https://calcpromaster.netlify.app/finance/simple-interest/2-years-25000,longtail,FAIL,FAIL,"CalcProMaster - 543+ free online calculators",44,139,https://calcpromaster.netlify.app/,"",194,true,false,true,true,true,true,"selfCanonical uniqueH1 content noDuplicateCanonical"
https://calcpromaster.netlify.app/finance/simple-interest/7-years-150000,longtail,FAIL,FAIL,"CalcProMaster - 543+ free online calculators",44,139,https://calcpromaster.netlify.app/,"",194,true,false,true,true,true,true,"selfCanonical uniqueH1 content noDuplicateCanonical"
https://calcpromaster.netlify.app/finance/credit-card-payoff/12-months-5000,longtail,FAIL,FAIL,"CalcProMaster - 543+ free online calculators",44,139,https://calcpromaster.netlify.app/,"",194,true,false,true,true,true,true,"selfCanonical uniqueH1 content noDuplicateCanonical"
https://calcpromaster.netlify.app/finance/credit-card-payoff/24-months-10000,longtail,FAIL,FAIL,"CalcProMaster - 543+ free online calculators",44,139,https://calcpromaster.netlify.app/,"",194,true,false,true,true,true,true,"selfCanonical uniqueH1 content noDuplicateCanonical"
https://calcpromaster.netlify.app/finance/credit-card-payoff/6-months-2000,longtail,FAIL,FAIL,"CalcProMaster - 543+ free online calculators",44,139,https://calcpromaster.netlify.app/,"",194,true,false,true,true,true,true,"selfCanonical uniqueH1 content noDuplicateCanonical"
https://calcpromaster.netlify.app/finance/credit-card-payoff/36-months-15000,longtail,FAIL,FAIL,"CalcProMaster - 543+ free online calculators",44,139,https://calcpromaster.netlify.app/,"",194,true,false,true,true,true,true,"selfCanonical uniqueH1 content noDuplicateCanonical"
https://calcpromaster.netlify.app/finance/credit-card-payoff/18-months-7500,longtail,FAIL,FAIL,"CalcProMaster - 543+ free online calculators",44,139,https://calcpromaster.netlify.app/,"",194,true,false,true,true,true,true,"selfCanonical uniqueH1 content noDuplicateCanonical"
https://calcpromaster.netlify.app/finance/retirement/30-years-50000,longtail,FAIL,FAIL,"CalcProMaster - 543+ free online calculators",44,139,https://calcpromaster.netlify.app/,"",194,true,false,true,true,true,true,"selfCanonical uniqueH1 content noDuplicateCanonical"
https://calcpromaster.netlify.app/finance/retirement/25-years-75000,longtail,FAIL,FAIL,"CalcProMaster - 543+ free online calculators",44,139,https://calcpromaster.netlify.app/,"",194,true,false,true,true,true,true,"selfCanonical uniqueH1 content noDuplicateCanonical"
https://calcpromaster.netlify.app/finance/retirement/20-years-100000,longtail,FAIL,FAIL,"CalcProMaster - 543+ free online calculators",44,139,https://calcpromaster.netlify.app/,"",194,true,false,true,true,true,true,"selfCanonical uniqueH1 content noDuplicateCanonical"
https://calcpromaster.netlify.app/finance/retirement/35-years-40000,longtail,FAIL,FAIL,"CalcProMaster - 543+ free online calculators",44,139,https://calcpromaster.netlify.app/,"",194,true,false,true,true,true,true,"selfCanonical uniqueH1 content noDuplicateCanonical"
https://calcpromaster.netlify.app/finance/retirement/40-years-25000,longtail,FAIL,FAIL,"CalcProMaster - 543+ free online calculators",44,139,https://calcpromaster.netlify.app/,"",194,true,false,true,true,true,true,"selfCanonical uniqueH1 content noDuplicateCanonical"
https://calcpromaster.netlify.app/finance/retirement/30-years-50000-florida,longtail,FAIL,FAIL,"CalcProMaster - 543+ free online calculators",44,139,https://calcpromaster.netlify.app/,"",194,true,false,true,true,true,true,"selfCanonical uniqueH1 content noDuplicateCanonical"
https://calcpromaster.netlify.app/finance/investment/10-years-10000,longtail,FAIL,FAIL,"CalcProMaster - 543+ free online calculators",44,139,https://calcpromaster.netlify.app/,"",194,true,false,true,true,true,true,"selfCanonical uniqueH1 content noDuplicateCanonical"
https://calcpromaster.netlify.app/finance/investment/20-years-50000,longtail,FAIL,FAIL,"CalcProMaster - 543+ free online calculators",44,139,https://calcpromaster.netlify.app/,"",194,true,false,true,true,true,true,"selfCanonical uniqueH1 content noDuplicateCanonical"
https://calcpromaster.netlify.app/finance/investment/5-years-25000,longtail,FAIL,FAIL,"CalcProMaster - 543+ free online calculators",44,139,https://calcpromaster.netlify.app/,"",194,true,false,true,true,true,true,"selfCanonical uniqueH1 content noDuplicateCanonical"
https://calcpromaster.netlify.app/finance/investment/15-years-100000,longtail,FAIL,FAIL,"CalcProMaster - 543+ free online calculators",44,139,https://calcpromaster.netlify.app/,"",194,true,false,true,true,true,true,"selfCanonical uniqueH1 content noDuplicateCanonical"
https://calcpromaster.netlify.app/finance/investment/30-years-15000,longtail,FAIL,FAIL,"CalcProMaster - 543+ free online calculators",44,139,https://calcpromaster.netlify.app/,"",194,true,false,true,true,true,true,"selfCanonical uniqueH1 content noDuplicateCanonical"
https://calcpromaster.netlify.app/finance/investment/10-years-10000-florida,longtail,FAIL,FAIL,"CalcProMaster - 543+ free online calculators",44,139,https://calcpromaster.netlify.app/,"",194,true,false,true,true,true,true,"selfCanonical uniqueH1 content noDuplicateCanonical"
https://calcpromaster.netlify.app/finance/savings-goal/5-years-10000,longtail,FAIL,FAIL,"CalcProMaster - 543+ free online calculators",44,139,https://calcpromaster.netlify.app/,"",194,true,false,true,true,true,true,"selfCanonical uniqueH1 content noDuplicateCanonical"
https://calcpromaster.netlify.app/finance/savings-goal/10-years-50000,longtail,FAIL,FAIL,"CalcProMaster - 543+ free online calculators",44,139,https://calcpromaster.netlify.app/,"",194,true,false,true,true,true,true,"selfCanonical uniqueH1 content noDuplicateCanonical"
https://calcpromaster.netlify.app/finance/savings-goal/3-years-15000,longtail,FAIL,FAIL,"CalcProMaster - 543+ free online calculators",44,139,https://calcpromaster.netlify.app/,"",194,true,false,true,true,true,true,"selfCanonical uniqueH1 content noDuplicateCanonical"
https://calcpromaster.netlify.app/finance/savings-goal/20-years-100000,longtail,FAIL,FAIL,"CalcProMaster - 543+ free online calculators",44,139,https://calcpromaster.netlify.app/,"",194,true,false,true,true,true,true,"selfCanonical uniqueH1 content noDuplicateCanonical"
https://calcpromaster.netlify.app/finance/savings-goal/7-years-25000,longtail,FAIL,FAIL,"CalcProMaster - 543+ free online calculators",44,139,https://calcpromaster.netlify.app/,"",194,true,false,true,true,true,true,"selfCanonical uniqueH1 content noDuplicateCanonical"
https://calcpromaster.netlify.app/finance/savings-goal/15-years-75000,longtail,FAIL,FAIL,"CalcProMaster - 543+ free online calculators",44,139,https://calcpromaster.netlify.app/,"",194,true,false,true,true,true,true,"selfCanonical uniqueH1 content noDuplicateCanonical"
https://calcpromaster.netlify.app/finance/tax/50000,longtail,FAIL,FAIL,"CalcProMaster - 543+ free online calculators",44,139,https://calcpromaster.netlify.app/,"",194,true,false,true,true,true,true,"selfCanonical uniqueH1 content noDuplicateCanonical"
https://calcpromaster.netlify.app/finance/tax/75000,longtail,FAIL,FAIL,"CalcProMaster - 543+ free online calculators",44,139,https://calcpromaster.netlify.app/,"",194,true,false,true,true,true,true,"selfCanonical uniqueH1 content noDuplicateCanonical"
https://calcpromaster.netlify.app/finance/tax/100000,longtail,FAIL,FAIL,"CalcProMaster - 543+ free online calculators",44,139,https://calcpromaster.netlify.app/,"",194,true,false,true,true,true,true,"selfCanonical uniqueH1 content noDuplicateCanonical"
https://calcpromaster.netlify.app/finance/tax/150000,longtail,FAIL,FAIL,"CalcProMaster - 543+ free online calculators",44,139,https://calcpromaster.netlify.app/,"",194,true,false,true,true,true,true,"selfCanonical uniqueH1 content noDuplicateCanonical"
https://calcpromaster.netlify.app/finance/tax/60000,longtail,FAIL,FAIL,"CalcProMaster - 543+ free online calculators",44,139,https://calcpromaster.netlify.app/,"",194,true,false,true,true,true,true,"selfCanonical uniqueH1 content noDuplicateCanonical"
https://calcpromaster.netlify.app/finance/tax/120000,longtail,FAIL,FAIL,"CalcProMaster - 543+ free online calculators",44,139,https://calcpromaster.netlify.app/,"",194,true,false,true,true,true,true,"selfCanonical uniqueH1 content noDuplicateCanonical"
https://calcpromaster.netlify.app/finance/salary/50000,longtail,FAIL,FAIL,"CalcProMaster - 543+ free online calculators",44,139,https://calcpromaster.netlify.app/,"",194,true,false,true,true,true,true,"selfCanonical uniqueH1 content noDuplicateCanonical"
https://calcpromaster.netlify.app/finance/salary/75000,longtail,FAIL,FAIL,"CalcProMaster - 543+ free online calculators",44,139,https://calcpromaster.netlify.app/,"",194,true,false,true,true,true,true,"selfCanonical uniqueH1 content noDuplicateCanonical"
https://calcpromaster.netlify.app/finance/salary/100000,longtail,FAIL,FAIL,"CalcProMaster - 543+ free online calculators",44,139,https://calcpromaster.netlify.app/,"",194,true,false,true,true,true,true,"selfCanonical uniqueH1 content noDuplicateCanonical"
https://calcpromaster.netlify.app/finance/salary/60000,longtail,FAIL,FAIL,"CalcProMaster - 543+ free online calculators",44,139,https://calcpromaster.netlify.app/,"",194,true,false,true,true,true,true,"selfCanonical uniqueH1 content noDuplicateCanonical"
https://calcpromaster.netlify.app/finance/salary/120000,longtail,FAIL,FAIL,"CalcProMaster - 543+ free online calculators",44,139,https://calcpromaster.netlify.app/,"",194,true,false,true,true,true,true,"selfCanonical uniqueH1 content noDuplicateCanonical"
https://calcpromaster.netlify.app/finance/salary/80000,longtail,FAIL,FAIL,"CalcProMaster - 543+ free online calculators",44,139,https://calcpromaster.netlify.app/,"",194,true,false,true,true,true,true,"selfCanonical uniqueH1 content noDuplicateCanonical"
https://calcpromaster.netlify.app/finance/annuity/10-years-100000,longtail,FAIL,FAIL,"CalcProMaster - 543+ free online calculators",44,139,https://calcpromaster.netlify.app/,"",194,true,false,true,true,true,true,"selfCanonical uniqueH1 content noDuplicateCanonical"
https://calcpromaster.netlify.app/finance/annuity/20-years-50000,longtail,FAIL,FAIL,"CalcProMaster - 543+ free online calculators",44,139,https://calcpromaster.netlify.app/,"",194,true,false,true,true,true,true,"selfCanonical uniqueH1 content noDuplicateCanonical"
https://calcpromaster.netlify.app/finance/annuity/5-years-75000,longtail,FAIL,FAIL,"CalcProMaster - 543+ free online calculators",44,139,https://calcpromaster.netlify.app/,"",194,true,false,true,true,true,true,"selfCanonical uniqueH1 content noDuplicateCanonical"
https://calcpromaster.netlify.app/finance/annuity/15-years-250000,longtail,FAIL,FAIL,"CalcProMaster - 543+ free online calculators",44,139,https://calcpromaster.netlify.app/,"",194,true,false,true,true,true,true,"selfCanonical uniqueH1 content noDuplicateCanonical"
https://calcpromaster.netlify.app/finance/annuity/25-years-100000,longtail,FAIL,FAIL,"CalcProMaster - 543+ free online calculators",44,139,https://calcpromaster.netlify.app/,"",194,true,false,true,true,true,true,"selfCanonical uniqueH1 content noDuplicateCanonical"
https://calcpromaster.netlify.app/finance/inflation/10-years-10000,longtail,FAIL,FAIL,"CalcProMaster - 543+ free online calculators",44,139,https://calcpromaster.netlify.app/,"",194,true,false,true,true,true,true,"selfCanonical uniqueH1 content noDuplicateCanonical"
https://calcpromaster.netlify.app/finance/inflation/20-years-50000,longtail,FAIL,FAIL,"CalcProMaster - 543+ free online calculators",44,139,https://calcpromaster.netlify.app/,"",194,true,false,true,true,true,true,"selfCanonical uniqueH1 content noDuplicateCanonical"
https://calcpromaster.netlify.app/finance/inflation/30-years-100000,longtail,FAIL,FAIL,"CalcProMaster - 543+ free online calculators",44,139,https://calcpromaster.netlify.app/,"",194,true,false,true,true,true,true,"selfCanonical uniqueH1 content noDuplicateCanonical"
https://calcpromaster.netlify.app/finance/inflation/5-years-5000,longtail,FAIL,FAIL,"CalcProMaster - 543+ free online calculators",44,139,https://calcpromaster.netlify.app/,"",194,true,false,true,true,true,true,"selfCanonical uniqueH1 content noDuplicateCanonical"
https://calcpromaster.netlify.app/finance/inflation/15-years-25000,longtail,FAIL,FAIL,"CalcProMaster - 543+ free online calculators",44,139,https://calcpromaster.netlify.app/,"",194,true,false,true,true,true,true,"selfCanonical uniqueH1 content noDuplicateCanonical"
https://calcpromaster.netlify.app/finance/rent-vs-buy/200000,longtail,FAIL,FAIL,"CalcProMaster - 543+ free online calculators",44,139,https://calcpromaster.netlify.app/,"",194,true,false,true,true,true,true,"selfCanonical uniqueH1 content noDuplicateCanonical"
https://calcpromaster.netlify.app/finance/rent-vs-buy/300000,longtail,FAIL,FAIL,"CalcProMaster - 543+ free online calculators",44,139,https://calcpromaster.netlify.app/,"",194,true,false,true,true,true,true,"selfCanonical uniqueH1 content noDuplicateCanonical"
https://calcpromaster.netlify.app/finance/rent-vs-buy/150000,longtail,FAIL,FAIL,"CalcProMaster - 543+ free online calculators",44,139,https://calcpromaster.netlify.app/,"",194,true,false,true,true,true,true,"selfCanonical uniqueH1 content noDuplicateCanonical"
https://calcpromaster.netlify.app/finance/rent-vs-buy/400000,longtail,FAIL,FAIL,"CalcProMaster - 543+ free online calculators",44,139,https://calcpromaster.netlify.app/,"",194,true,false,true,true,true,true,"selfCanonical uniqueH1 content noDuplicateCanonical"
https://calcpromaster.netlify.app/finance/home-afford/75000,longtail,FAIL,FAIL,"CalcProMaster - 543+ free online calculators",44,139,https://calcpromaster.netlify.app/,"",194,true,false,true,true,true,true,"selfCanonical uniqueH1 content noDuplicateCanonical"
https://calcpromaster.netlify.app/finance/home-afford/100000,longtail,FAIL,FAIL,"CalcProMaster - 543+ free online calculators",44,139,https://calcpromaster.netlify.app/,"",194,true,false,true,true,true,true,"selfCanonical uniqueH1 content noDuplicateCanonical"
https://calcpromaster.netlify.app/finance/home-afford/60000,longtail,FAIL,FAIL,"CalcProMaster - 543+ free online calculators",44,139,https://calcpromaster.netlify.app/,"",194,true,false,true,true,true,true,"selfCanonical uniqueH1 content noDuplicateCanonical"
https://calcpromaster.netlify.app/finance/home-afford/120000,longtail,FAIL,FAIL,"CalcProMaster - 543+ free online calculators",44,139,https://calcpromaster.netlify.app/,"",194,true,false,true,true,true,true,"selfCanonical uniqueH1 content noDuplicateCanonical"
https://calcpromaster.netlify.app/finance/home-afford/140000,longtail,FAIL,FAIL,"CalcProMaster - 543+ free online calculators",44,139,https://calcpromaster.netlify.app/,"",194,true,false,true,true,true,true,"selfCanonical uniqueH1 content noDuplicateCanonical"
https://calcpromaster.netlify.app/finance/refinance/5-years-200000,longtail,FAIL,FAIL,"CalcProMaster - 543+ free online calculators",44,139,https://calcpromaster.netlify.app/,"",194,true,false,true,true,true,true,"selfCanonical uniqueH1 content noDuplicateCanonical"
https://calcpromaster.netlify.app/finance/refinance/15-years-300000,longtail,FAIL,FAIL,"CalcProMaster - 543+ free online calculators",44,139,https://calcpromaster.netlify.app/,"",194,true,false,true,true,true,true,"selfCanonical uniqueH1 content noDuplicateCanonical"
https://calcpromaster.netlify.app/finance/refinance/10-years-250000,longtail,FAIL,FAIL,"CalcProMaster - 543+ free online calculators",44,139,https://calcpromaster.netlify.app/,"",194,true,false,true,true,true,true,"selfCanonical uniqueH1 content noDuplicateCanonical"
https://calcpromaster.netlify.app/finance/refinance/20-years-400000,longtail,FAIL,FAIL,"CalcProMaster - 543+ free online calculators",44,139,https://calcpromaster.netlify.app/,"",194,true,false,true,true,true,true,"selfCanonical uniqueH1 content noDuplicateCanonical"
https://calcpromaster.netlify.app/finance/refinance/10-years-300000-florida,longtail,FAIL,FAIL,"CalcProMaster - 543+ free online calculators",44,139,https://calcpromaster.netlify.app/,"",194,true,false,true,true,true,true,"selfCanonical uniqueH1 content noDuplicateCanonical"
https://calcpromaster.netlify.app/finance/loan-qualify/50000,longtail,FAIL,FAIL,"CalcProMaster - 543+ free online calculators",44,139,https://calcpromaster.netlify.app/,"",194,true,false,true,true,true,true,"selfCanonical uniqueH1 content noDuplicateCanonical"
https://calcpromaster.netlify.app/finance/loan-qualify/75000,longtail,FAIL,FAIL,"CalcProMaster - 543+ free online calculators",44,139,https://calcpromaster.netlify.app/,"",194,true,false,true,true,true,true,"selfCanonical uniqueH1 content noDuplicateCanonical"
https://calcpromaster.netlify.app/finance/loan-qualify/100000,longtail,FAIL,FAIL,"CalcProMaster - 543+ free online calculators",44,139,https://calcpromaster.netlify.app/,"",194,true,false,true,true,true,true,"selfCanonical uniqueH1 content noDuplicateCanonical"
https://calcpromaster.netlify.app/finance/loan-qualify/120000,longtail,FAIL,FAIL,"CalcProMaster - 543+ free online calculators",44,139,https://calcpromaster.netlify.app/,"",194,true,false,true,true,true,true,"selfCanonical uniqueH1 content noDuplicateCanonical"
https://calcpromaster.netlify.app/finance/paycheck/50000,longtail,FAIL,FAIL,"CalcProMaster - 543+ free online calculators",44,139,https://calcpromaster.netlify.app/,"",194,true,false,true,true,true,true,"selfCanonical uniqueH1 content noDuplicateCanonical"
https://calcpromaster.netlify.app/finance/paycheck/75000,longtail,FAIL,FAIL,"CalcProMaster - 543+ free online calculators",44,139,https://calcpromaster.netlify.app/,"",194,true,false,true,true,true,true,"selfCanonical uniqueH1 content noDuplicateCanonical"
https://calcpromaster.netlify.app/finance/paycheck/100000,longtail,FAIL,FAIL,"CalcProMaster - 543+ free online calculators",44,139,https://calcpromaster.netlify.app/,"",194,true,false,true,true,true,true,"selfCanonical uniqueH1 content noDuplicateCanonical"
https://calcpromaster.netlify.app/finance/paycheck/60000,longtail,FAIL,FAIL,"CalcProMaster - 543+ free online calculators",44,139,https://calcpromaster.netlify.app/,"",194,true,false,true,true,true,true,"selfCanonical uniqueH1 content noDuplicateCanonical"
https://calcpromaster.netlify.app/finance/amortization/30-years-300000,longtail,FAIL,FAIL,"CalcProMaster - 543+ free online calculators",44,139,https://calcpromaster.netlify.app/,"",194,true,false,true,true,true,true,"selfCanonical uniqueH1 content noDuplicateCanonical"
https://calcpromaster.netlify.app/finance/amortization/15-years-200000,longtail,FAIL,FAIL,"CalcProMaster - 543+ free online calculators",44,139,https://calcpromaster.netlify.app/,"",194,true,false,true,true,true,true,"selfCanonical uniqueH1 content noDuplicateCanonical"
https://calcpromaster.netlify.app/finance/amortization/10-years-150000,longtail,FAIL,FAIL,"CalcProMaster - 543+ free online calculators",44,139,https://calcpromaster.netlify.app/,"",194,true,false,true,true,true,true,"selfCanonical uniqueH1 content noDuplicateCanonical"
https://calcpromaster.netlify.app/finance/amortization/5-years-100000,longtail,FAIL,FAIL,"CalcProMaster - 543+ free online calculators",44,139,https://calcpromaster.netlify.app/,"",194,true,false,true,true,true,true,"selfCanonical uniqueH1 content noDuplicateCanonical"
https://calcpromaster.netlify.app/finance/amortization/20-years-350000,longtail,FAIL,FAIL,"CalcProMaster - 543+ free online calculators",44,139,https://calcpromaster.netlify.app/,"",194,true,false,true,true,true,true,"selfCanonical uniqueH1 content noDuplicateCanonical"
https://calcpromaster.netlify.app/finance/loan-to-value/200000,longtail,FAIL,FAIL,"CalcProMaster - 543+ free online calculators",44,139,https://calcpromaster.netlify.app/,"",194,true,false,true,true,true,true,"selfCanonical uniqueH1 content noDuplicateCanonical"
https://calcpromaster.netlify.app/finance/loan-to-value/300000,longtail,FAIL,FAIL,"CalcProMaster - 543+ free online calculators",44,139,https://calcpromaster.netlify.app/,"",194,true,false,true,true,true,true,"selfCanonical uniqueH1 content noDuplicateCanonical"
https://calcpromaster.netlify.app/finance/loan-to-value/400000,longtail,FAIL,FAIL,"CalcProMaster - 543+ free online calculators",44,139,https://calcpromaster.netlify.app/,"",194,true,false,true,true,true,true,"selfCanonical uniqueH1 content noDuplicateCanonical"
https://calcpromaster.netlify.app/finance/apr/5-years-20000,longtail,FAIL,FAIL,"CalcProMaster - 543+ free online calculators",44,139,https://calcpromaster.netlify.app/,"",194,true,false,true,true,true,true,"selfCanonical uniqueH1 content noDuplicateCanonical"
https://calcpromaster.netlify.app/finance/apr/3-years-10000,longtail,FAIL,FAIL,"CalcProMaster - 543+ free online calculators",44,139,https://calcpromaster.netlify.app/,"",194,true,false,true,true,true,true,"selfCanonical uniqueH1 content noDuplicateCanonical"
https://calcpromaster.netlify.app/finance/apr/10-years-50000,longtail,FAIL,FAIL,"CalcProMaster - 543+ free online calculators",44,139,https://calcpromaster.netlify.app/,"",194,true,false,true,true,true,true,"selfCanonical uniqueH1 content noDuplicateCanonical"
https://calcpromaster.netlify.app/finance/fire/25-years-50000,longtail,FAIL,FAIL,"CalcProMaster - 543+ free online calculators",44,139,https://calcpromaster.netlify.app/,"",194,true,false,true,true,true,true,"selfCanonical uniqueH1 content noDuplicateCanonical"
https://calcpromaster.netlify.app/finance/fire/30-years-75000,longtail,FAIL,FAIL,"CalcProMaster - 543+ free online calculators",44,139,https://calcpromaster.netlify.app/,"",194,true,false,true,true,true,true,"selfCanonical uniqueH1 content noDuplicateCanonical"
https://calcpromaster.netlify.app/finance/fire/20-years-100000,longtail,FAIL,FAIL,"CalcProMaster - 543+ free online calculators",44,139,https://calcpromaster.netlify.app/,"",194,true,false,true,true,true,true,"selfCanonical uniqueH1 content noDuplicateCanonical"
https://calcpromaster.netlify.app/finance/social-security/50000,longtail,FAIL,FAIL,"CalcProMaster - 543+ free online calculators",44,139,https://calcpromaster.netlify.app/,"",194,true,false,true,true,true,true,"selfCanonical uniqueH1 content noDuplicateCanonical"
https://calcpromaster.netlify.app/finance/social-security/75000,longtail,FAIL,FAIL,"CalcProMaster - 543+ free online calculators",44,139,https://calcpromaster.netlify.app/,"",194,true,false,true,true,true,true,"selfCanonical uniqueH1 content noDuplicateCanonical"
https://calcpromaster.netlify.app/finance/social-security/100000,longtail,FAIL,FAIL,"CalcProMaster - 543+ free online calculators",44,139,https://calcpromaster.netlify.app/,"",194,true,false,true,true,true,true,"selfCanonical uniqueH1 content noDuplicateCanonical"
https://calcpromaster.netlify.app/finance/capital-gains/50000,longtail,FAIL,FAIL,"CalcProMaster - 543+ free online calculators",44,139,https://calcpromaster.netlify.app/,"",194,true,false,true,true,true,true,"selfCanonical uniqueH1 content noDuplicateCanonical"
https://calcpromaster.netlify.app/finance/capital-gains/100000,longtail,FAIL,FAIL,"CalcProMaster - 543+ free online calculators",44,139,https://calcpromaster.netlify.app/,"",194,true,false,true,true,true,true,"selfCanonical uniqueH1 content noDuplicateCanonical"
https://calcpromaster.netlify.app/finance/capital-gains/150000,longtail,FAIL,FAIL,"CalcProMaster - 543+ free online calculators",44,139,https://calcpromaster.netlify.app/,"",194,true,false,true,true,true,true,"selfCanonical uniqueH1 content noDuplicateCanonical"
https://calcpromaster.netlify.app/finance/break-even/10000,longtail,FAIL,FAIL,"CalcProMaster - 543+ free online calculators",44,139,https://calcpromaster.netlify.app/,"",194,true,false,true,true,true,true,"selfCanonical uniqueH1 content noDuplicateCanonical"
https://calcpromaster.netlify.app/finance/break-even/25000,longtail,FAIL,FAIL,"CalcProMaster - 543+ free online calculators",44,139,https://calcpromaster.netlify.app/,"",194,true,false,true,true,true,true,"selfCanonical uniqueH1 content noDuplicateCanonical"
https://calcpromaster.netlify.app/finance/break-even/50000,longtail,FAIL,FAIL,"CalcProMaster - 543+ free online calculators",44,139,https://calcpromaster.netlify.app/,"",194,true,false,true,true,true,true,"selfCanonical uniqueH1 content noDuplicateCanonical"
https://calcpromaster.netlify.app/finance/present-value/10-years-50000,longtail,FAIL,FAIL,"CalcProMaster - 543+ free online calculators",44,139,https://calcpromaster.netlify.app/,"",194,true,false,true,true,true,true,"selfCanonical uniqueH1 content noDuplicateCanonical"
https://calcpromaster.netlify.app/finance/present-value/5-years-100000,longtail,FAIL,FAIL,"CalcProMaster - 543+ free online calculators",44,139,https://calcpromaster.netlify.app/,"",194,true,false,true,true,true,true,"selfCanonical uniqueH1 content noDuplicateCanonical"
https://calcpromaster.netlify.app/finance/present-value/20-years-10000,longtail,FAIL,FAIL,"CalcProMaster - 543+ free online calculators",44,139,https://calcpromaster.netlify.app/,"",194,true,false,true,true,true,true,"selfCanonical uniqueH1 content noDuplicateCanonical"
https://calcpromaster.netlify.app/finance/future-value/10-years-50000,longtail,FAIL,FAIL,"CalcProMaster - 543+ free online calculators",44,139,https://calcpromaster.netlify.app/,"",194,true,false,true,true,true,true,"selfCanonical uniqueH1 content noDuplicateCanonical"
https://calcpromaster.netlify.app/finance/future-value/20-years-10000,longtail,FAIL,FAIL,"CalcProMaster - 543+ free online calculators",44,139,https://calcpromaster.netlify.app/,"",194,true,false,true,true,true,true,"selfCanonical uniqueH1 content noDuplicateCanonical"
https://calcpromaster.netlify.app/finance/future-value/5-years-100000,longtail,FAIL,FAIL,"CalcProMaster - 543+ free online calculators",44,139,https://calcpromaster.netlify.app/,"",194,true,false,true,true,true,true,"selfCanonical uniqueH1 content noDuplicateCanonical"
https://calcpromaster.netlify.app/finance/debt-ratio/50000,longtail,FAIL,FAIL,"CalcProMaster - 543+ free online calculators",44,139,https://calcpromaster.netlify.app/,"",194,true,false,true,true,true,true,"selfCanonical uniqueH1 content noDuplicateCanonical"
https://calcpromaster.netlify.app/finance/debt-ratio/75000,longtail,FAIL,FAIL,"CalcProMaster - 543+ free online calculators",44,139,https://calcpromaster.netlify.app/,"",194,true,false,true,true,true,true,"selfCanonical uniqueH1 content noDuplicateCanonical"
https://calcpromaster.netlify.app/finance/debt-ratio/100000,longtail,FAIL,FAIL,"CalcProMaster - 543+ free online calculators",44,139,https://calcpromaster.netlify.app/,"",194,true,false,true,true,true,true,"selfCanonical uniqueH1 content noDuplicateCanonical"
https://calcpromaster.netlify.app/finance/cash-flow/5000,longtail,FAIL,FAIL,"CalcProMaster - 543+ free online calculators",44,139,https://calcpromaster.netlify.app/,"",194,true,false,true,true,true,true,"selfCanonical uniqueH1 content noDuplicateCanonical"
https://calcpromaster.netlify.app/finance/cash-flow/10000,longtail,FAIL,FAIL,"CalcProMaster - 543+ free online calculators",44,139,https://calcpromaster.netlify.app/,"",194,true,false,true,true,true,true,"selfCanonical uniqueH1 content noDuplicateCanonical"
https://calcpromaster.netlify.app/finance/cash-flow/25000,longtail,FAIL,FAIL,"CalcProMaster - 543+ free online calculators",44,139,https://calcpromaster.netlify.app/,"",194,true,false,true,true,true,true,"selfCanonical uniqueH1 content noDuplicateCanonical"
https://calcpromaster.netlify.app/finance/currency-converter/500,longtail,FAIL,FAIL,"CalcProMaster - 543+ free online calculators",44,139,https://calcpromaster.netlify.app/,"",194,true,false,true,true,true,true,"selfCanonical uniqueH1 content noDuplicateCanonical"
https://calcpromaster.netlify.app/finance/currency-converter/1000,longtail,FAIL,FAIL,"CalcProMaster - 543+ free online calculators",44,139,https://calcpromaster.netlify.app/,"",194,true,false,true,true,true,true,"selfCanonical uniqueH1 content noDuplicateCanonical"
https://calcpromaster.netlify.app/finance/currency-converter/5000,longtail,FAIL,FAIL,"CalcProMaster - 543+ free online calculators",44,139,https://calcpromaster.netlify.app/,"",194,true,false,true,true,true,true,"selfCanonical uniqueH1 content noDuplicateCanonical"
https://calcpromaster.netlify.app/business/business-roi/5-years-10000,longtail,FAIL,FAIL,"CalcProMaster - 543+ free online calculators",44,139,https://calcpromaster.netlify.app/,"",194,true,false,true,true,true,true,"selfCanonical uniqueH1 content noDuplicateCanonical"
https://calcpromaster.netlify.app/business/business-roi/3-years-50000,longtail,FAIL,FAIL,"CalcProMaster - 543+ free online calculators",44,139,https://calcpromaster.netlify.app/,"",194,true,false,true,true,true,true,"selfCanonical uniqueH1 content noDuplicateCanonical"
https://calcpromaster.netlify.app/business/business-roi/10-years-25000,longtail,FAIL,FAIL,"CalcProMaster - 543+ free online calculators",44,139,https://calcpromaster.netlify.app/,"",194,true,false,true,true,true,true,"selfCanonical uniqueH1 content noDuplicateCanonical"
https://calcpromaster.netlify.app/business/business-roi/7-years-15000,longtail,FAIL,FAIL,"CalcProMaster - 543+ free online calculators",44,139,https://calcpromaster.netlify.app/,"",194,true,false,true,true,true,true,"selfCanonical uniqueH1 content noDuplicateCanonical"
https://calcpromaster.netlify.app/business/profit-margin/10000,longtail,FAIL,FAIL,"CalcProMaster - 543+ free online calculators",44,139,https://calcpromaster.netlify.app/,"",194,true,false,true,true,true,true,"selfCanonical uniqueH1 content noDuplicateCanonical"
https://calcpromaster.netlify.app/business/profit-margin/25000,longtail,FAIL,FAIL,"CalcProMaster - 543+ free online calculators",44,139,https://calcpromaster.netlify.app/,"",194,true,false,true,true,true,true,"selfCanonical uniqueH1 content noDuplicateCanonical"
https://calcpromaster.netlify.app/business/profit-margin/50000,longtail,FAIL,FAIL,"CalcProMaster - 543+ free online calculators",44,139,https://calcpromaster.netlify.app/,"",194,true,false,true,true,true,true,"selfCanonical uniqueH1 content noDuplicateCanonical"
https://calcpromaster.netlify.app/business/burn-rate/5000,longtail,FAIL,FAIL,"CalcProMaster - 543+ free online calculators",44,139,https://calcpromaster.netlify.app/,"",194,true,false,true,true,true,true,"selfCanonical uniqueH1 content noDuplicateCanonical"
https://calcpromaster.netlify.app/business/burn-rate/10000,longtail,FAIL,FAIL,"CalcProMaster - 543+ free online calculators",44,139,https://calcpromaster.netlify.app/,"",194,true,false,true,true,true,true,"selfCanonical uniqueH1 content noDuplicateCanonical"
https://calcpromaster.netlify.app/business/burn-rate/25000,longtail,FAIL,FAIL,"CalcProMaster - 543+ free online calculators",44,139,https://calcpromaster.netlify.app/,"",194,true,false,true,true,true,true,"selfCanonical uniqueH1 content noDuplicateCanonical"
https://calcpromaster.netlify.app/business/mrr/5000,longtail,FAIL,FAIL,"CalcProMaster - 543+ free online calculators",44,139,https://calcpromaster.netlify.app/,"",194,true,false,true,true,true,true,"selfCanonical uniqueH1 content noDuplicateCanonical"
https://calcpromaster.netlify.app/business/mrr/10000,longtail,FAIL,FAIL,"CalcProMaster - 543+ free online calculators",44,139,https://calcpromaster.netlify.app/,"",194,true,false,true,true,true,true,"selfCanonical uniqueH1 content noDuplicateCanonical"
https://calcpromaster.netlify.app/business/mrr/50000,longtail,FAIL,FAIL,"CalcProMaster - 543+ free online calculators",44,139,https://calcpromaster.netlify.app/,"",194,true,false,true,true,true,true,"selfCanonical uniqueH1 content noDuplicateCanonical"
https://calcpromaster.netlify.app/business/freelance-rate/50000,longtail,FAIL,FAIL,"CalcProMaster - 543+ free online calculators",44,139,https://calcpromaster.netlify.app/,"",194,true,false,true,true,true,true,"selfCanonical uniqueH1 content noDuplicateCanonical"
https://calcpromaster.netlify.app/business/freelance-rate/75000,longtail,FAIL,FAIL,"CalcProMaster - 543+ free online calculators",44,139,https://calcpromaster.netlify.app/,"",194,true,false,true,true,true,true,"selfCanonical uniqueH1 content noDuplicateCanonical"
https://calcpromaster.netlify.app/business/freelance-rate/100000,longtail,FAIL,FAIL,"CalcProMaster - 543+ free online calculators",44,139,https://calcpromaster.netlify.app/,"",194,true,false,true,true,true,true,"selfCanonical uniqueH1 content noDuplicateCanonical"
https://calcpromaster.netlify.app/business/freelance-rate/80000,longtail,FAIL,FAIL,"CalcProMaster - 543+ free online calculators",44,139,https://calcpromaster.netlify.app/,"",194,true,false,true,true,true,true,"selfCanonical uniqueH1 content noDuplicateCanonical"
https://calcpromaster.netlify.app/business/depreciation/5-years-10000,longtail,FAIL,FAIL,"CalcProMaster - 543+ free online calculators",44,139,https://calcpromaster.netlify.app/,"",194,true,false,true,true,true,true,"selfCanonical uniqueH1 content noDuplicateCanonical"
https://calcpromaster.netlify.app/business/depreciation/7-years-25000,longtail,FAIL,FAIL,"CalcProMaster - 543+ free online calculators",44,139,https://calcpromaster.netlify.app/,"",194,true,false,true,true,true,true,"selfCanonical uniqueH1 content noDuplicateCanonical"
https://calcpromaster.netlify.app/business/depreciation/10-years-50000,longtail,FAIL,FAIL,"CalcProMaster - 543+ free online calculators",44,139,https://calcpromaster.netlify.app/,"",194,true,false,true,true,true,true,"selfCanonical uniqueH1 content noDuplicateCanonical"
https://calcpromaster.netlify.app/homegarden/solar-panel/5000,longtail,FAIL,FAIL,"CalcProMaster - 543+ free online calculators",44,139,https://calcpromaster.netlify.app/,"",194,true,false,true,true,true,true,"selfCanonical uniqueH1 content noDuplicateCanonical"
https://calcpromaster.netlify.app/homegarden/solar-panel/10000,longtail,FAIL,FAIL,"CalcProMaster - 543+ free online calculators",44,139,https://calcpromaster.netlify.app/,"",194,true,false,true,true,true,true,"selfCanonical uniqueH1 content noDuplicateCanonical"
https://calcpromaster.netlify.app/homegarden/solar-panel/15000,longtail,FAIL,FAIL,"CalcProMaster - 543+ free online calculators",44,139,https://calcpromaster.netlify.app/,"",194,true,false,true,true,true,true,"selfCanonical uniqueH1 content noDuplicateCanonical"